,Stock,Industry,IPO,MktCap,return_1year,IPO Year
0,1353,Consumer Cyclicals,2014-09-01,160.79,0.0,2014
1,1439,Basic Materials,2014-01-13,0.81,0.0,2014
2,1247,Consumer Cyclicals,2014-01-15,2.81,0.04040404040404044,2014
3,3332,Consumer Cyclicals,2014-01-15,2.66,0.02105263157894727,2014
4,2080,Real Estate,2014-01-23,2.84,-0.0107526881720429,2014
5,2226,Consumer Non-Cyclicals,2014-01-28,8.27,-0.01818181818181819,2014
6,2638,Utilities,2014-01-29,5.34,-0.02678571428571411,2014
7,1622,Real Estate,2014-01-30,1.305,0.0,2014
8,1636,Basic Materials,2014-02-21,0.98,0.04050632911392409,2014
9,1340,Consumer Non-Cyclicals,2014-02-28,2.0469999999999997,-0.002638522427440577,2014
10,3636,Consumer Cyclicals,2014-06-03,28.3,0.0289473684210526,2014
11,2255,Consumer Cyclicals,2014-03-13,2.02,0.0,2014
12,2608,Real Estate,2014-03-13,3.74,0.103448275862069,2014
13,6138,Financials,2014-03-31,2.91,-0.001754385964912243,2014
14,1400,Consumer Cyclicals,2014-04-25,7.391,-0.003745318352060012,2014
15,1771,Consumer Cyclicals,2014-05-15,3.88,0.0,2014
16,1397,Industrials,2014-05-22,1.24,-0.00373134328358201,2014
17,6199,Financials,2019-12-30,2.3,-0.005736137667303892,2019
18,6199,Financials,2019-12-30,2.3,-0.005736137667303892,2019
19,2111,Consumer Cyclicals,2014-05-23,2.12,-0.03612167300380235,2014
20,6198,Industrials,2014-06-06,3.71,-0.04925053533190574,2014
21,2014,Industrials,2014-06-17,2.99,-0.01666666666666668,2014
22,3903,Financials,2014-06-19,1.63,-0.0040983606557378,2014
23,1330,Energy,2014-06-19,3.77,-0.01351351351351353,2014
24,1375,Financials,2014-06-25,2.16,0.04687500000000011,2014
25,6128,Real Estate,2014-06-25,1.18,0.003278688524590094,2014
26,1588,Technology,2014-06-27,14.4,0.02608695652173896,2014
27,2298,Consumer Cyclicals,2014-06-26,3.55,-0.004464285714285619,2014
28,1626,Basic Materials,2014-06-27,1.28,-0.0107526881720429,2014
29,3709,Consumer Cyclicals,2014-06-27,4.4,0.1489361702127659,2014
30,3639,Real Estate,2014-06-27,2.44,0.09402546523016643,2014
31,1778,Real Estate,2014-06-30,4.6,-0.007751937984496131,2014
32,6899,Technology,2014-06-30,3.75,-0.003891050583657505,2014
33,1450,Technology,2014-07-07,1.07,0.02290076335877865,2014
34,2329,Real Estate,2014-07-07,2.5,-0.01562500000000001,2014
35,6188,Consumer Cyclicals,2014-08-07,3.96,0.0,2014
36,1599,Industrials,2014-08-07,3.65,0.1280487804878049,2014
37,1321,Real Estate,2014-10-07,2.05,-0.005305039787798413,2014
38,1418,Consumer Cyclicals,2014-10-07,1.1,0.05882352941176476,2014
39,1848,Financials,2014-11-07,7.9,0.03030303030303033,2014
40,1856,Consumer Cyclicals,2014-11-07,4.46,0.006172839506172707,2014
41,1367,Consumer Cyclicals,2014-11-07,1.12,-0.04545454545454549,2014
42,6123,Industrials,2014-11-07,2.36,0.009259259259259267,2014
43,1432,Consumer Non-Cyclicals,2014-07-15,2.38,-0.006696428571428627,2014
44,2399,Consumer Cyclicals,2014-07-16,1.0,0.00448430493273553,2014
45,1253,Industrials,2014-07-21,0.36700000000000005,0.03023255813953486,2014
46,1365,Consumer Cyclicals,2014-12-08,3.51,0.0,2014
47,6166,Real Estate,2014-08-25,3.26,0.03603603603603586,2014
48,2221,Industrials,2014-09-19,1.16,0.01801801801801783,2014
49,1285,Consumer Non-Cyclicals,2014-09-25,3.89,,2014
50,1395,Utilities,2014-09-26,0.94,-0.002478314745972686,2014
51,1347,Technology,2014-10-15,10.74,0.0,2014
52,1462,Industrials,2014-10-16,0.1,0.01785714285714295,2014
53,6893,Consumer Non-Cyclicals,2014-10-16,1.37,0.006048387096774244,2014
54,3822,Industrials,2014-10-16,0.405,0.003759398496240521,2014
55,1289,Industrials,2014-11-11,11.34,0.0,2014
56,1443,Consumer Cyclicals,2014-11-13,1.31,-0.1163101604278075,2014
57,1305,Technology,2014-11-18,3.24,0.0,2014
58,1317,Academic & Educational Services,2014-11-28,1.445,0.0,2014
59,1669,Financials,2014-12-12,1.69,-0.02290076335877865,2014
60,1958,Consumer Cyclicals,2014-12-19,8.85,-0.005524861878453044,2014
61,3699,Real Estate,2018-01-16,1.41,0.0,2018
62,3699,Real Estate,2018-01-16,1.41,0.0,2018
63,1381,Utilities,2014-12-29,2.34,-0.01907356948228878,2014
64,2066,Financials,2014-12-29,7.58,0.0,2014
65,2277,Financials,2014-12-29,0.63,0.0,2014
66,2212,Basic Materials,2015-09-01,0.14,-0.02195608782435118,2015
67,6866,Financials,2015-01-13,1.85,0.01014198782961475,2015
68,3708,Industrials,2015-01-14,0.134,-0.008097165991902662,2015
69,1993,Consumer Cyclicals,2015-01-15,5.79,-0.01653944020356233,2015
70,1362,Technology,2015-01-15,0.92,0.02337662337662334,2015
71,6161,Financials,2015-01-15,2.15,0.06518723994452147,2015
72,6822,Consumer Cyclicals,2015-01-16,0.9009999999999999,-0.00647249190938512,2015
73,1327,Consumer Cyclicals,2015-01-30,6.216,-0.0188679245283019,2015
74,1027,Consumer Cyclicals,2015-02-13,5.504,0.02912621359223311,2015
75,1858,Healthcare,2015-11-03,2.596,0.01402805611222433,2015
76,1430,Utilities,2015-11-03,2.0,0.0,2015
77,1566,Consumer Cyclicals,2015-12-03,3.8,0.0,2015
78,1310,Technology,2015-12-03,9.95,0.008750000000000036,2015
79,1415,Technology,2015-03-31,2.839,0.0,2015
80,1245,Consumer Cyclicals,2015-08-04,1.01,0.0,2015
81,1500,Industrials,2015-04-16,1.19,0.005988023952095947,2015
82,6826,Healthcare,2015-04-30,58.4,-0.005952380952381089,2015
83,1301,Industrials,2015-05-27,2.62,-0.003645200486026735,2015
84,6839,Utilities,2015-05-27,7.25,-0.006060606060606067,2015
85,1530,Healthcare,2015-11-06,9.1,-0.01910828025477695,2015
86,6183,Consumer Non-Cyclicals,2015-06-18,2.125,-0.01273885350318458,2015
87,2686,Energy,2015-06-23,2.78,-0.02477477477477484,2015
88,1528,Consumer Cyclicals,2015-06-26,11.582,-0.002272727272727426,2015
89,6133,Technology,2015-06-26,2.128,0.01624129930394438,2015
90,3396,Technology,2015-06-29,42.95,-0.01294498381877024,2015
91,1509,Healthcare,2015-07-07,6.81,-0.01481481481481483,2015
92,1461,Financials,2015-07-07,2.5,0.0,2015
93,6836,Consumer Non-Cyclicals,2015-07-07,1.28,-0.006060606060605931,2015
94,2666,Financials,2015-08-07,6.45,-0.04347826086956525,2015
95,1498,Healthcare,2015-08-07,4.099,0.0,2015
96,3737,Consumer Non-Cyclicals,2015-07-13,2.39,0.0,2015
97,6896,Healthcare,2015-07-15,4.87,0.0,2015
98,1527,Industrials,2015-12-10,7.51,0.06818181818181812,2015
99,1476,Financials,2015-10-15,4.17,0.03296703296703287,2015
100,1533,Consumer Non-Cyclicals,2015-10-15,5.45,0.0,2015
101,1532,Consumer Cyclicals,2015-10-16,0.93,-0.002427184466019366,2015
102,1508,Financials,2015-10-26,2.7,-0.0209302325581395,2015
103,2799,Financials,2015-10-30,3.1,0.04761904761904766,2015
104,1556,Industrials,2015-11-11,0.61,0.09375000000000008,2015
105,1452,Basic Materials,2015-12-11,1.45,0.0837988826815642,2015
106,3799,Consumer Non-Cyclicals,2015-11-20,5.0,0.005464480874316823,2015
107,1538,Real Estate,2015-11-25,1.87,-0.009259259259259267,2015
108,6865,Energy,2015-11-26,1.94,0.0,2015
109,2289,Consumer Non-Cyclicals,2015-12-14,8.0,-0.01818181818181817,2015
110,3600,Healthcare,2015-12-15,4.04,-0.01700318809776835,2015
111,1786,Industrials,2015-12-16,4.72,-0.004223864836325334,2015
112,1662,Industrials,2015-12-18,1.11,-0.007692307692307699,2015
113,1543,Financials,2015-12-23,1.38,-0.01405152224824347,2015
114,6196,Financials,2015-12-23,3.655,0.03755868544600943,2015
115,1558,Healthcare,2015-12-29,7.27,0.06650831353919245,2015
116,1568,Consumer Cyclicals,2015-12-29,1.5,-0.01178451178451168,2015
117,1548,Healthcare,2015-12-30,1.3119999999999998,0.05333333333333338,2015
118,1799,Basic Materials,2015-12-30,8.8,0.0,2015
119,3678,Financials,2015-12-30,1.97,0.0,2015
120,3326,Consumer Cyclicals,2016-04-01,0.733,-0.005509641873278242,2016
121,3773,Technology,2016-07-01,0.86,0.0,2016
122,1459,Industrials,2016-12-01,1.65,0.01690140845070424,2016
123,3301,Real Estate,2016-01-13,5.62,-0.0090805902383655,2016
124,1565,Academic & Educational Services,2016-01-15,2.43,-0.001146788990825664,2016
125,3963,Financials,2016-01-28,2.13,-0.07073954983922831,2016
126,2768,Real Estate,2016-08-03,2.45,0.01595744680851077,2016
127,6833,Consumer Non-Cyclicals,2016-10-03,0.56,-0.08374384236453199,2016
128,2138,Consumer Non-Cyclicals,2016-11-03,2.32,0.06282722513088987,2016
129,1557,Industrials,2016-03-18,1.4,,2016
130,2016,Financials,2016-03-30,3.96,0.01639344262295083,2016
131,2239,Technology,2016-03-30,3.18,0.007407407407407249,2016
132,1578,Financials,2016-03-30,7.39,0.007407407407407249,2016
133,1496,Industrials,2016-08-04,0.45,0.0,2016
134,1469,Financials,2016-08-04,1.05,0.0,2016
135,2738,Basic Materials,2016-04-15,2.88,-0.006666666666666722,2016
136,3626,Basic Materials,2016-05-18,2.61,0.0437499999999999,2016
137,1585,Consumer Cyclicals,2016-05-19,1.32,-0.006134969325153244,2016
138,1606,Financials,2016-11-07,1.94,0.0,2016
139,1586,Energy,2016-12-07,1.57,0.01229508196721303,2016
140,2869,Real Estate,2016-11-07,2.73,0.02291325695581017,2016
141,1523,Technology,2016-07-13,0.49,0.02291325695581017,2016
142,1560,Real Estate,2016-07-13,0.857,0.0,2016
143,1573,Energy,2016-07-13,4.14,0.02866242038216556,2016
144,1579,Consumer Non-Cyclicals,2016-07-13,3.25,0.0,2016
145,1612,Healthcare,2016-07-13,0.94,-0.01345291479820619,2016
146,1589,Industrials,2016-07-15,3.44,0.009132420091324209,2016
147,2278,Real Estate,2016-07-15,4.8,0.01860465116279071,2016
148,6816,Industrials,2016-07-20,1.13,0.0506329113924051,2016
149,2031,Consumer Cyclicals,2016-12-09,0.46,0.00107642626480103,2016
150,3893,Consumer Cyclicals,2016-12-09,0.14,0.0,2016
151,2633,Healthcare,2016-09-21,1.68,-0.03546099290780145,2016
152,1658,Financials,2016-09-28,4.77,-0.013986013986014,2016
153,1591,Industrials,2016-09-28,0.14400000000000002,-0.006872852233676982,2016
154,1577,Financials,2016-09-30,1.82,0.0,2016
155,1547,Industrials,2016-10-14,0.435,-0.01530612244897963,2016
156,2113,Industrials,2016-10-17,0.8,-0.007594936708860687,2016
157,1609,Industrials,2016-10-17,0.64,0.0,2016
158,3320,Healthcare,2016-10-28,9.01,0.01052631578947369,2016
159,3306,Consumer Cyclicals,2016-10-31,6.87,-0.02000000000000002,2016
160,6163,Industrials,2016-11-11,1.37,0.004830917874396247,2016
161,1633,Industrials,2016-11-11,1.27,-0.01904761904761906,2016
162,1458,Consumer Non-Cyclicals,2016-11-11,6.67,0.04122340425531922,2016
163,1272,Industrials,2016-11-15,3.78,0.001321003963011861,2016
164,1611,Industrials,2016-11-21,1.57,-0.01507537688442212,2016
165,1608,Industrials,2016-11-24,2.83,-0.02475247524752477,2016
166,1629,Basic Materials,2016-11-25,0.76,0.01960784313725492,2016
167,6189,Industrials,2016-11-25,5.11,0.05691056910569111,2016
168,1632,Consumer Cyclicals,2016-11-29,0.877,0.0,2016
169,6066,Financials,2018-06-20,5.88,0.008849557522124098,2018
170,1617,Technology,2016-12-12,1.74,0.002155172413793249,2016
171,1357,Technology,2016-12-15,8.5,0.001081081081081058,2016
172,1580,Basic Materials,2016-12-19,0.84,-0.001079913606911424,2016
173,1596,Basic Materials,2016-12-21,3.02,-0.03921568627450984,2016
174,1637,Industrials,2017-03-01,0.88,0.01477832512315283,2017
175,1536,Industrials,2017-11-01,1.16,-0.03451995685005397,2017
176,1575,Consumer Cyclicals,2017-12-01,1.76,0.01709401709401711,2017
177,1518,Healthcare,2017-01-18,7.35,0.00686498855835246,2017
178,6068,Academic & Educational Services,2017-01-26,1.69,0.004514672686230353,2017
179,3789,Industrials,2017-08-02,0.305,0.0,2017
180,2266,Industrials,2017-06-28,2.08,-0.03225806451612906,2017
181,1660,Industrials,2017-10-02,0.065,0.008130081300813016,2017
182,1989,Healthcare,2017-02-15,0.92,0.009208103130755195,2017
183,1627,Industrials,2017-02-20,1.0,0.03598484848484839,2017
184,6169,Academic & Educational Services,2017-02-28,2.09,-0.001869158878504633,2017
185,1985,Technology,2017-08-03,1.43,0.00602409638554204,2017
186,3395,Energy,2017-10-03,1.77,-0.01775147928994071,2017
187,3869,Healthcare,2017-03-16,12.96,0.01807228915662639,2017
188,1569,Academic & Educational Services,2017-03-22,1.51,0.0,2017
189,1647,Industrials,2017-03-30,0.97,0.012987012987013,2017
190,2017,Industrials,2017-03-31,2.17,0.02631578947368423,2017
191,2281,Utilities,2017-03-31,2.27,0.01752021563342317,2017
192,1667,Consumer Cyclicals,2017-07-04,0.34,0.002684563758389204,2017
193,2001,Academic & Educational Services,2017-04-19,2.78,-0.02445172674565162,2017
194,1655,Consumer Cyclicals,2017-05-15,1.28,0.03750000000000003,2017
195,3329,Financials,2017-05-19,2.72,0.00602409638554204,2017
196,1679,Industrials,2017-09-06,2.49,-0.0285714285714286,2017
197,6038,Industrials,2017-06-13,0.455,-0.03508771929824565,2017
198,2269,Healthcare,2017-06-13,28.25,-0.008695652173913115,2017
199,1630,Consumer Cyclicals,2017-06-16,0.54,0.002873563218390871,2017
200,1551,Financials,2017-06-20,5.11,0.01268115942028991,2017
201,1571,Consumer Cyclicals,2017-06-28,3.23,-0.008064516129032265,2017
202,1702,Basic Materials,2017-11-07,1.93,0.05042016806722694,2017
203,1695,Consumer Non-Cyclicals,2017-11-07,0.31,-0.04918032786885251,2017
204,1962,Consumer Non-Cyclicals,2017-12-07,1.54,0.06896551724137938,2017
205,6113,Consumer Cyclicals,2017-12-07,1.51,-0.0169491525423729,2017
206,6088,Technology,2017-07-13,3.15,0.0,2017
207,1676,Consumer Non-Cyclicals,2017-07-18,13.2,0.0,2017
208,1649,Industrials,2017-07-18,1.58,-0.002695417789757355,2017
209,1216,Financials,2017-07-19,2.49,-0.01333333333333329,2017
210,3848,Financials,2017-07-21,6.88,-0.0093708165997323,2017
211,1693,Industrials,2017-09-08,0.74,0.02448979591836731,2017
212,2863,Industrials,2017-11-08,0.62,-0.01317957166392093,2017
213,1696,Healthcare,2017-09-19,8.12,-0.001249999999999973,2017
214,3830,Consumer Cyclicals,2017-09-21,0.396,0.01863354037267063,2017
215,1651,Industrials,2017-09-25,6.43,-0.02994011976047904,2017
216,6060,Financials,2017-09-28,65.2,0.0,2017
217,6885,Energy,2017-10-10,3.17,0.0,2017
218,2337,Energy,2017-10-16,3.04,0.0,2017
219,2225,Industrials,2017-10-17,0.55,0.03749999999999989,2017
220,6080,Industrials,2017-10-20,0.52,-0.00540540540540553,2017
221,1337,Technology,2017-11-13,4.58,0.006814310051107332,2017
222,1706,Industrials,2017-11-15,0.84,0.0138888888888889,2017
223,1975,Industrials,2017-11-16,1.39,0.0138888888888889,2017
224,3358,Consumer Cyclicals,2017-11-16,3.32,-0.01176470588235295,2017
225,2858,Financials,2017-11-16,8.12,0.01176470588235295,2017
226,1710,Industrials,2017-11-23,0.7,0.0,2017
227,2022,Technology,2017-12-15,0.68,0.0,2017
228,1727,Industrials,2017-12-15,4.46,0.0,2017
229,1722,Industrials,2017-12-15,0.405,0.0,2017
230,1789,Healthcare,2017-12-20,2.64,-0.01724137931034484,2017
231,3878,Industrials,2017-12-22,1.26,0.1133333333333333,2017
232,2708,Technology,2017-12-28,2.16,0.0,2017
233,2025,Consumer Cyclicals,2018-05-01,1.4,0.01190476190476192,2018
234,3309,Healthcare,2018-01-15,5.11,0.0,2018
235,2448,Industrials,2018-01-16,0.99,0.03244837758112091,2018
236,2292,Real Estate,2018-01-16,1.31,-0.0273224043715847,2018
237,6158,Real Estate,2018-01-16,4.0,-0.0273224043715847,2018
238,6182,Basic Materials,2018-01-17,0.67,0.0,2018
239,2139,Financials,2018-01-18,2.88,0.0,2018
240,1665,Technology,2018-01-19,0.98,0.006944444444444451,2018
241,2683,Consumer Cyclicals,2018-01-22,1.21,0.01045296167247388,2018
242,1711,Consumer Cyclicals,2018-01-29,1.6,0.001727115716753024,2018
243,6829,Industrials,2018-08-02,0.395,-0.006849315068493157,2018
244,1183,Industrials,2018-02-13,1.37,0.006535947712418306,2018
245,1729,Industrials,2018-02-13,0.425,-0.004132231404958589,2018
246,1621,Energy,2018-05-03,0.25,-0.00526315789473673,2018
247,2182,Consumer Non-Cyclicals,2018-08-03,0.455,0.0,2018
248,1815,Consumer Cyclicals,2018-03-13,2.39,0.001226993865030649,2018
249,1737,Industrials,2018-03-14,0.53,-0.01090909090909089,2018
250,1705,Consumer Non-Cyclicals,2018-03-14,3.98,0.01428571428571423,2018
251,6036,Technology,2018-03-16,0.9,0.02941176470588238,2018
252,2377,Industrials,2018-03-16,2.38,0.0149253731343283,2018
253,2363,Technology,2018-03-16,2.4,-0.002824858757062087,2018
254,2779,Academic & Educational Services,2018-03-26,3.26,0.0,2018
255,2116,Basic Materials,2018-03-28,1.22,-0.01971830985915489,2018
256,1716,Consumer Cyclicals,2018-03-28,6.38,0.0,2018
257,1735,Industrials,2018-03-29,0.377,,2018
258,1726,Industrials,2018-04-18,0.56,0.0,2018
259,1671,Utilities,2018-04-27,0.196,0.006993006993007,2018
260,1742,Industrials,2018-11-05,0.21,0.0006776598147730097,2018
261,1750,Industrials,2018-11-05,0.295,0.0006776598147730097,2018
262,1752,Academic & Educational Services,2018-11-05,0.33,-0.04833512352309356,2018
263,2119,Consumer Non-Cyclicals,2018-11-05,1.07,0.001161440185830405,2018
264,1598,Academic & Educational Services,2018-05-29,1.71,-0.003516998827666983,2018
265,1978,Consumer Cyclicals,2018-05-30,1.54,-0.01369863013698621,2018
266,1757,Industrials,2018-07-06,0.41,-0.006423982869379069,2018
267,1806,Industrials,2018-06-15,6.62,-0.02453987730061338,2018
268,2003,Financials,2018-06-21,20.45,0.005917159763313649,2018
269,1916,Financials,2018-06-26,6.41,-0.07928388746803067,2018
270,1749,Consumer Cyclicals,2018-06-27,3.49,0.0,2018
271,1587,Consumer Non-Cyclicals,2018-06-27,0.58,0.0,2018
272,1620,Consumer Cyclicals,2018-06-28,0.355,0.0,2018
273,6100,Industrials,2018-06-29,32.5,0.0,2018
274,1810,Technology,2018-09-07,16.5,-0.05940594059405946,2018
275,1652,Healthcare,2018-11-07,2.44,0.0116279069767442,2018
276,1746,Industrials,2018-11-07,0.221,0.0235294117647059,2018
277,6860,Technology,2018-12-07,1.72,0.007874015748031503,2018
278,3700,Technology,2018-12-07,2.15,0.007936507936507943,2018
279,1760,Consumer Cyclicals,2018-12-07,2.88,0.0,2018
280,1996,Real Estate,2018-12-07,2.7,0.004115226337448594,2018
281,1773,Academic & Educational Services,2018-12-07,1.35,-0.01217861975642759,2018
282,2051,Technology,2018-07-13,9.1,-0.001890359168241926,2018
283,1775,Academic & Educational Services,2018-07-13,1.32,0.0,2018
284,1731,Consumer Cyclicals,2018-07-13,1.12,0.04545454545454529,2018
285,1721,Basic Materials,2018-07-16,0.61,-0.01428571428571434,2018
286,1968,Consumer Cyclicals,2018-07-16,2.87,-0.01012145748987851,2018
287,1715,Consumer Cyclicals,2018-07-16,0.315,-0.01202404809619248,2018
288,3302,Industrials,2018-07-18,1.23,0.0,2018
289,1576,Industrials,2018-07-19,2.3,0.003802281368821381,2018
290,2048,Real Estate,2018-07-20,14.18,0.0152671755725191,2018
291,1758,Academic & Educational Services,2018-07-31,2.87,0.03333333333333326,2018
292,1725,Technology,2018-08-16,1.45,0.0,2018
293,1783,Industrials,2018-08-22,0.49,0.0,2018
294,1615,Industrials,2018-10-09,0.315,-0.01739130434782602,2018
295,1969,Academic & Educational Services,2018-09-13,1.74,0.003490401396160484,2018
296,2552,Healthcare,2018-09-14,8.28,0.01951219512195124,2018
297,2680,Industrials,2018-09-14,0.98,0.04109589041095894,2018
298,3690,Technology,2018-09-20,72.65,0.073170731707317,2018
299,6862,Consumer Cyclicals,2018-09-26,17.82,-0.006756756756756763,2018
300,1748,Industrials,2018-09-26,1.51,0.0,2018
301,1911,Financials,2018-09-27,24.7,0.0,2018
302,1723,Technology,2018-09-27,2.12,-0.02027027027027029,2018
303,1894,Industrials,2018-12-10,1.4,0.0,2018
304,1741,Industrials,2018-10-16,0.63,-0.007109004739336593,2018
305,1653,Consumer Cyclicals,2018-10-19,3.5,0.007142857142857075,2018
306,1825,Consumer Cyclicals,2018-10-19,0.385,0.0,2018
307,1034,Industrials,2018-10-30,0.46,-0.02857142857142844,2018
308,1801,Healthcare,2018-10-31,16.58,-0.01449275362318826,2018
309,3616,Real Estate,2018-12-11,0.84,-0.02222222222222224,2018
310,1835,Financials,2018-11-13,5.21,-0.01413427561837467,2018
311,6890,Basic Materials,2018-11-19,1.07,-0.003521126760563305,2018
312,2258,Industrials,2018-11-19,1.33,0.03276699029126209,2018
313,1761,Consumer Cyclicals,2018-11-27,6.87,0.0,2018
314,1860,Consumer Cyclicals,2018-12-12,3.99,-0.001721170395869307,2018
315,1837,Consumer Non-Cyclicals,2018-12-12,1.42,-0.005025125628140745,2018
316,2798,Energy,2018-12-12,0.68,0.02054794520547947,2018
317,1992,Consumer Cyclicals,2018-12-14,14.98,-0.07189542483660137,2018
318,1995,Real Estate,2018-12-17,1.78,-0.01149425287356323,2018
319,1983,Financials,2018-12-17,3.25,0.02380952380952383,2018
320,1675,Technology,2018-12-19,10.02,0.0,2018
321,2892,Real Estate,2018-12-20,1.26,0.01794258373205746,2018
322,1820,Basic Materials,2018-12-21,3.98,-0.0107913669064748,2018
323,1762,Consumer Cyclicals,2018-12-21,3.0,0.01459854014598531,2018
324,3978,Academic & Educational Services,2018-12-27,2.4,-0.00906344410876127,2018
325,1713,Utilities,2018-12-28,1.77,-0.03097345132743362,2018
326,1759,Utilities,2018-12-28,2.84,0.0,2018
327,1796,Consumer Cyclicals,2018-12-31,0.98,-0.1058823529411764,2018
328,1845,Industrials,2019-03-01,0.9,0.01333333333333334,2019
329,1743,Industrials,2019-04-01,15.1,0.0123456790123456,2019
330,2360,Consumer Non-Cyclicals,2019-11-01,1.9,0.0,2019
331,2885,Technology,2019-11-01,0.385,0.04166666666666671,2019
332,1767,Consumer Non-Cyclicals,2019-01-14,0.63,0.0,2019
333,1785,Industrials,2019-01-15,2.18,0.0107526881720429,2019
334,6162,Consumer Cyclicals,2019-01-15,0.248,-0.02500000000000002,2019
335,2013,Technology,2019-01-15,2.93,-0.01204819277108435,2019
336,1851,Academic & Educational Services,2019-01-18,1.35,0.0,2019
337,1890,Academic & Educational Services,2019-01-25,2.51,0.02272727272727275,2019
338,1896,Technology,2019-04-02,16.8,0.08433734939759026,2019
339,1703,Consumer Cyclicals,2019-02-15,0.61,-0.02173913043478263,2019
340,2616,Healthcare,2019-02-26,12.86,0.00537634408602163,2019
341,2019,Real Estate,2019-02-26,2.8,0.00537634408602163,2019
342,1793,Industrials,2019-02-27,0.65,0.0,2019
343,1872,Consumer Cyclicals,2019-02-28,0.63,0.008213552361396311,2019
344,1025,Consumer Cyclicals,2019-02-28,1.06,0.002074688796680454,2019
345,2108,Consumer Cyclicals,2019-06-03,0.255,0.02542372881355934,2019
346,1902,Real Estate,2019-06-03,2.36,-0.01840490797546014,2019
347,1917,Consumer Cyclicals,2019-03-14,0.63,-0.03954802259886993,2019
348,3316,Real Estate,2019-03-15,7.32,0.0,2019
349,1907,Basic Materials,2019-03-15,2.8,0.0,2019
350,1891,Industrials,2019-03-15,0.37,0.03161592505854817,2019
351,1563,Financials,2019-03-15,0.83,0.02590673575129524,2019
352,3662,Real Estate,2019-03-18,4.45,0.01546391752577321,2019
353,2682,Industrials,2019-03-18,0.28,-0.006134969325153244,2019
354,6819,Technology,2019-03-27,5.21,0.01851851851851853,2019
355,1865,Industrials,2019-03-27,0.66,-0.0138888888888889,2019
356,6185,Healthcare,2019-03-28,34.7,0.01408450704225353,2019
357,1797,Academic & Educational Services,2019-03-28,10.2,0.0,2019
358,2660,Technology,2019-04-16,1.61,-0.008000000000000007,2019
359,3321,Industrials,2019-04-23,1.39,-0.003984063745019836,2019
360,1545,Consumer Cyclicals,2019-04-25,0.27,0.01529636711281055,2019
361,1906,Consumer Cyclicals,2019-04-26,0.58,0.02967741935483877,2019
362,1780,Industrials,2019-04-30,0.89,-0.002587322121604199,2019
363,1753,Consumer Cyclicals,2019-07-05,5.04,-0.0230769230769231,2019
364,1873,Healthcare,2019-09-05,4.08,0.007575757575757582,2019
365,1832,Consumer Cyclicals,2019-05-16,3.46,-0.01136363636363637,2019
366,2346,Basic Materials,2019-05-16,1.11,-0.02222222222222224,2019
367,2230,Consumer Cyclicals,2019-05-21,0.31,0.0714285714285715,2019
368,1817,Consumer Cyclicals,2019-05-27,4.5,0.0714285714285715,2019
369,2060,Basic Materials,2019-05-28,2.71,-0.01408450704225353,2019
370,3868,Utilities,2019-05-28,1.94,-0.001692047377326529,2019
371,1521,Healthcare,2019-05-30,3.35,-0.001692047377326529,2019
372,2181,Healthcare,2019-05-31,1.21,-0.006722689075630258,2019
373,6055,Consumer Non-Cyclicals,2019-12-06,18.02,-0.01849217638691321,2019
374,2189,Healthcare,2019-06-13,0.56,0.0,2019
375,6811,Consumer Cyclicals,2019-06-13,2.64,0.0,2019
376,3692,Healthcare,2019-06-14,19.5,-0.1639344262295082,2019
377,3877,Financials,2019-06-17,1.24,0.03669724770642185,2019
378,1935,Academic & Educational Services,2019-06-18,1.65,0.0,2019
379,6117,Industrials,2019-06-19,4.0,-0.03478260869565201,2019
380,1769,Academic & Educational Services,2019-06-21,3.69,-0.002433090024331064,2019
381,1951,Healthcare,2019-06-25,9.28,0.002427184466019366,2019
382,1849,Technology,2019-06-26,0.49,0.0,2019
383,1901,Consumer Cyclicals,2019-06-28,0.98,-0.008163265306122396,2019
384,1842,Consumer Cyclicals,2019-06-28,0.57,0.003174603174603248,2019
385,1286,Industrials,2019-06-28,3.01,-0.1897435897435897,2019
386,1930,Consumer Cyclicals,2019-06-28,1.18,-0.04234841193455239,2019
387,1943,Industrials,2019-06-28,0.465,0.07692307692307698,2019
388,1701,Consumer Cyclicals,2019-06-28,0.305,-0.01851851851851853,2019
389,2180,Industrials,2019-10-07,10.88,-0.02317290552584668,2019
390,1839,Industrials,2019-11-07,5.45,0.002283105022831002,2019
391,1912,Technology,2019-07-16,0.69,0.007202881152461044,2019
392,1134,Healthcare,2019-07-16,1.06,-0.0434782608695651,2019
393,6805,Industrials,2019-07-16,1.3,0.01492537313432837,2019
394,1949,Technology,2019-07-16,1.55,-0.001449275362318938,2019
395,2772,Real Estate,2019-07-16,5.95,0.0,2019
396,2558,Financials,2019-07-18,3.82,-0.007246376811594305,2019
397,1920,Industrials,2019-08-16,0.168,0.03488372093023259,2019
398,3928,Industrials,2019-09-19,1.22,-0.02247191011235957,2019
399,2696,Healthcare,2019-09-25,49.45,0.01123595505617979,2019
400,1876,Consumer Non-Cyclicals,2019-09-30,28.2,-0.0142857142857143,2019
401,3938,Financials,2019-09-30,1.07,0.02898550724637684,2019
402,1960,Energy,2019-09-30,0.8,0.0441176470588234,2019
403,3601,Technology,2019-10-10,8.6,0.0,2019
404,6110,Consumer Cyclicals,2019-10-10,9.25,,2019
405,1846,Consumer Cyclicals,2019-10-15,11.0,0.01400000000000006,2019
406,1582,Industrials,2019-10-16,1.15,0.02615694164989938,2019
407,1955,Industrials,2019-10-16,1.23,0.02941176470588238,2019
408,1084,Consumer Non-Cyclicals,2019-10-17,1.35,-0.03824362606232289,2019
409,1283,Industrials,2019-10-18,0.74,0.0,2019
410,1959,Consumer Cyclicals,2019-10-18,0.77,-0.01449275362318826,2019
411,1967,Technology,2019-10-18,3.4,-0.01408450704225353,2019
412,2606,Real Estate,2019-10-18,42.55,-0.03797468354430383,2019
413,1843,Consumer Cyclicals,2019-10-23,0.61,0.0,2019
414,1871,Academic & Educational Services,2019-10-24,0.87,0.04054054054054058,2019
415,1853,Utilities,2019-10-24,2.2,0.01382488479262674,2019
416,1692,Consumer Cyclicals,2019-10-25,0.86,0.0,2019
417,6855,Healthcare,2019-10-28,37.6,-0.01369863013698631,2019
418,1847,Basic Materials,2019-10-31,2.66,0.01724137931034484,2019
419,1427,Real Estate,2019-11-11,2.57,0.0,2019
420,1640,Consumer Cyclicals,2019-12-11,2.6,0.0,2019
421,3681,Healthcare,2019-12-11,4.02,-0.06451612903225812,2019
422,6186,Consumer Non-Cyclicals,2019-11-13,7.44,-0.03200000000000003,2019
423,1346,Consumer Cyclicals,2019-11-13,0.62,-0.08208955223880604,2019
424,1401,Industrials,2019-11-13,0.62,0.0,2019
425,1747,Technology,2019-11-14,0.92,0.1538461538461538,2019
426,3348,Industrials,2019-11-15,1.19,0.0285714285714286,2019
427,2103,Real Estate,2019-11-15,3.95,0.0,2019
428,2296,Industrials,2019-11-21,0.26,0.004166666666666763,2019
429,1756,Academic & Educational Services,2019-11-25,2.7,0.004184100418409952,2019
430,1425,Consumer Cyclicals,2019-11-28,0.415,,2019
431,9966,Healthcare,2019-12-12,13.5,-0.01497005988023947,2019
432,2400,Technology,2019-12-12,11.86,0.00599700149925038,2019
433,1593,Academic & Educational Services,2019-12-13,2.06,-0.01329394387001475,2019
434,6919,Industrials,2019-12-13,26.55,-0.01754385964912282,2019
435,3680,Technology,2019-12-13,1.62,-0.008695652173912858,2019
436,1691,Consumer Cyclicals,2019-12-18,5.49,0.09615384615384624,2019
437,1553,Basic Materials,2019-12-18,2.15,-0.01418439716312042,2019
438,6193,Basic Materials,2019-12-18,1.48,-0.01612903225806441,2019
439,6049,Real Estate,2019-12-19,45.35,0.03703703703703707,2019
440,9928,Real Estate,2019-12-19,4.88,0.01818181818181819,2019
441,9909,Consumer Cyclicals,2019-12-30,10.06,-0.02464525765496648,2019
442,9911,Consumer Cyclicals,2019-12-31,3.25,0.03174603174603174,2019
443,1542,Utilities,2019-12-31,4.22,-0.01102362204724414,2019
