,Instrument,IPO Date,Turnover,Relative Valuation EV/EBITDA Component,Outstanding Shares,TRBC Economic Sector Name
0,1353.HK,9/1/2014,,,610794000,Consumer Cyclicals
1,1439.HK,13/1/2014,39100,1,1377497662,Basic Materials
2,1247.HK,15/1/2014,25032,1,984000000,Consumer Cyclicals
3,3332.HK,15/1/2014,,1,946298370,Consumer Cyclicals
4,2080.HK,23/1/2014,,100,374984000,Real Estate
5,2226.HK,28/1/2014,350170,91,578750000,Consumer Non-Cyclicals
6,2638.HK,29/1/2014,26978650,40,8836200000,Utilities
7,1622.HK,30/1/2014,14569879,62,3551609322,Real Estate
8,1636.HK,21/2/2014,134080,65,2631603838,Basic Materials
9,1340.HK,28/2/2014,47424,1,880838000,Consumer Non-Cyclicals
10,3636.HK,6/3/2014,121133,31,246316000,Consumer Cyclicals
11,2255.HK,13/3/2014,1576965,83,4000000000,Consumer Cyclicals
12,2608.HK,13/3/2014,11580,45,2552303477,Real Estate
13,0798.HK,28/3/2014,1366160,53,7574352000,Real Estate
14,6138.HK,31/3/2014,292370,,10995599553,Financials
15,2100.HK,10/4/2014,3032940,78,2737434000,Technology
16,1400.HK,25/4/2014,15540,1,302521083,Consumer Cyclicals
17,1771.HK,15/5/2014,38860,95,600000000,Consumer Cyclicals
18,1397.HK,22/5/2014,6000,59,415000000,Industrials
19,6199.HK,30/12/2019,34450,,14588046744,Financials
20,2111.HK,23/5/2014,85140,95,1039808000,Consumer Cyclicals
21,2303.HK,28/5/2014,526460,88,925000000,Basic Materials
22,6198.HK,6/6/2014,1501090,85,1099025000,Industrials
23,2014.HK,17/6/2014,195302,88,2132331950,Industrials
24,3903.HK,19/6/2014,90740,,4600000000,Financials
25,1330.HK,19/6/2014,10865757,44,404359792,Energy
26,1619.HK,,,,24802284000,Basic Materials
27,1375.HK,25/6/2014,2994710,,1195365000,Financials
28,6128.HK,25/6/2014,18138920,15,482290000,Real Estate
29,2229.HK,,,,1191360000,Basic Materials
30,1588.HK,27/6/2014,1132940,37,217181666,Technology
31,2298.HK,26/6/2014,6925300,41,2249457213,Consumer Cyclicals
32,0911.HK,27/6/2014,2340,76,1692760000,Consumer Non-Cyclicals
33,1626.HK,27/6/2014,4600,37,300000000,Basic Materials
34,3709.HK,27/6/2014,54677094,82,685050195,Consumer Cyclicals
35,3639.HK,27/6/2014,,40,2583970000,Real Estate
36,1778.HK,30/6/2014,9318080,93,1454867299,Real Estate
37,6899.HK,30/6/2014,454480,1,1077799887,Technology
38,6139.HK,2/7/2014,274850,34,2000000000,Consumer Cyclicals
39,1446.HK,4/7/2014,70640,100,655944000,Consumer Non-Cyclicals
40,6136.HK,4/7/2014,638670,68,2139735000,Utilities
41,1450.HK,7/7/2014,4650,1,1041243169,Technology
42,2329.HK,7/7/2014,4003720,26,4444417986,Real Estate
43,6188.HK,8/7/2014,5610,91,732460400,Consumer Cyclicals
44,1599.HK,8/7/2014,1889050,97,1348670000,Industrials
45,2186.HK,9/7/2014,29804300,82,3248965343,Healthcare
46,1980.HK,9/7/2014,332280,,1278767162,Technology
47,1321.HK,10/7/2014,23200,41,2010768000,Real Estate
48,1418.HK,10/7/2014,,7,1750002000,Consumer Cyclicals
49,1848.HK,11/7/2014,2743160,52,705970647,Financials
50,1856.HK,11/7/2014,1248940,2,347437000,Consumer Cyclicals
51,1367.HK,11/7/2014,28240,1,480000000,Consumer Cyclicals
52,6123.HK,11/7/2014,26536080,36,416760000,Industrials
53,1432.HK,15/7/2014,4604380,93,8381295229,Consumer Non-Cyclicals
54,2399.HK,16/7/2014,670110,3,1923600000,Consumer Cyclicals
55,0400.HK,18/7/2014,1383070,82,1417416732,Technology
56,1253.HK,21/7/2014,31520,48,3342536957,Industrials
57,0288.HK,5/8/2014,138806937,90,14738026378,Consumer Non-Cyclicals
58,1365.HK,12/8/2014,4717,,946476000,Consumer Cyclicals
59,6166.HK,25/8/2014,524530,84,1651237491,Real Estate
60,0699.HK,19/9/2014,3879068,96,2121574161,Industrials
61,2221.HK,19/9/2014,209488,1,673590134,Industrials
62,1285.HK,25/9/2014,112000,100,415000000,Consumer Non-Cyclicals
63,1395.HK,26/9/2014,5660,94,1107300000,Utilities
64,1811.HK,3/10/2014,12601680,73,4290824000,Utilities
65,6116.HK,9/10/2014,572,1,214789800,Consumer Cyclicals
66,1347.HK,15/10/2014,309213778,37,1295275256,Technology
67,1462.HK,16/10/2014,,,4037871666,Industrials
68,6893.HK,16/10/2014,8720,19,1091796000,Consumer Non-Cyclicals
69,3822.HK,16/10/2014,29332,100,1680000000,Industrials
70,6118.HK,7/11/2014,10440,20,512582000,Healthcare
71,1289.HK,11/11/2014,13270,,128000000,Industrials
72,1443.HK,13/11/2014,19520,7,1300000000,Consumer Cyclicals
73,1305.HK,18/11/2014,9955,97,216825000,Technology
74,1317.HK,28/11/2014,19773980,91,2995320920,Academic & Educational Services
75,6882.HK,27/11/2014,46760,99,502450000,Consumer Cyclicals
76,1478.HK,2/12/2014,88381380,73,1172250680,Technology
77,1022.HK,5/12/2014,13047,1,1546943455,Technology
78,1480.HK,8/12/2014,49500,100,240000000,Technology
79,1816.HK,10/12/2014,17221417,80,11163625000,Utilities
80,6869.HK,10/12/2014,15242590,63,351566794,Technology
81,1669.HK,12/12/2014,31790,,400000000,Financials
82,1438.HK,,,,,
83,0520.HK,17/12/2014,23592685,79,1081554215,Consumer Cyclicals
84,1958.HK,19/12/2014,16277801,100,8015338182,Consumer Cyclicals
85,3699.HK,16/1/2018,1000,100,441400000,Real Estate
86,1381.HK,29/12/2014,4075530,75,2439541169,Utilities
87,2066.HK,29/12/2014,1216270,,8796680200,Financials
88,2277.HK,29/12/2014,140925,,1816000000,Financials
89,1035.HK,,,,560522623,Healthcare
90,2212.HK,9/1/2015,61340,1,3870000000,Basic Materials
91,6866.HK,13/1/2015,730,,1180000000,Financials
92,3708.HK,14/1/2015,1049730,4,5594000000,Industrials
93,1993.HK,15/1/2015,73930,88,475675676,Consumer Cyclicals
94,1362.HK,15/1/2015,,5,280000000,Technology
95,6161.HK,15/1/2015,75220,,521410000,Financials
96,6822.HK,16/1/2015,216800,100,700000000,Consumer Cyclicals
97,1327.HK,30/1/2015,4360,1,414720000,Consumer Cyclicals
98,1027.HK,13/2/2015,57286,98,189300000,Consumer Cyclicals
99,1858.HK,11/3/2015,29124635,18,345852000,Healthcare
100,0442.HK,11/3/2015,24530,,172600000,Consumer Cyclicals
101,1430.HK,11/3/2015,41460,86,903084000,Utilities
102,1566.HK,12/3/2015,13115840,9,964062000,Consumer Cyclicals
103,1310.HK,12/3/2015,16595717,58,1311599356,Technology
104,1415.HK,31/3/2015,46651335,100,831518800,Technology
105,3606.HK,10/6/1993,36974880,50,505631200,Consumer Cyclicals
106,1245.HK,8/4/2015,,93,1195850460,Consumer Cyclicals
107,1776.HK,11/6/1997,53757907,,1701796200,Financials
108,1500.HK,16/4/2015,16805,33,830000000,Industrials
109,6826.HK,30/4/2015,7548525,16,39406600,Healthcare
110,1470.HK,12/5/2015,28092,3,800000000,Consumer Cyclicals
111,1301.HK,27/5/2015,351800,3,621958000,Industrials
112,6839.HK,27/5/2015,123410,65,1193213457,Utilities
113,6886.HK,26/2/2010,91302289,,1719045680,Financials
114,1530.HK,11/6/2015,58504692,67,2543549999,Healthcare
115,6183.HK,18/6/2015,,,1517895167,Consumer Non-Cyclicals
116,0574.HK,19/6/2015,201174,1,1474992908,Consumer Non-Cyclicals
117,2686.HK,23/6/2015,59360,100,3393582395,Energy
118,1528.HK,26/6/2015,1794354,58,741285634,Consumer Cyclicals
119,6133.HK,26/6/2015,6390,3,850000000,Technology
120,3396.HK,29/6/2015,22315297,95,2356230900,Technology
121,3882.HK,2/7/2015,5355,1,952739455,Technology
122,2286.HK,3/7/2015,143860,56,599999989,Real Estate
123,2193.HK,3/7/2015,6880,9,419818000,Industrials
124,1986.HK,3/7/2015,192810,100,1033146000,Basic Materials
125,1456.HK,6/7/2015,26567655,,442640000,Financials
126,2699.HK,6/7/2015,907400,2,1878622000,Real Estate
127,1509.HK,7/7/2015,,,758418085,Healthcare
128,1461.HK,7/7/2015,68480,,1001900000,Financials
129,6836.HK,7/7/2015,2876840,100,977462000,Consumer Non-Cyclicals
130,2666.HK,8/7/2015,9351880,42,1716304580,Financials
131,1498.HK,8/7/2015,1029745,73,394892941,Healthcare
132,3737.HK,13/7/2015,345830,95,840000000,Consumer Non-Cyclicals
133,6896.HK,15/7/2015,828230,100,739302000,Healthcare
134,3969.HK,7/8/2015,30977671,83,1968801000,Technology
135,1718.HK,11/8/2015,1396325,1,960000000,Industrials
136,1499.HK,2/9/2015,290820,4,5376580000,Industrials
137,1683.HK,8/9/2015,,13,500000000,Consumer Cyclicals
138,0974.HK,10/9/2015,,55,290457000,Consumer Non-Cyclicals
139,1970.HK,8/10/2015,1626274,51,348063015,Consumer Cyclicals
140,2199.HK,8/10/2015,586040,85,1224250000,Consumer Cyclicals
141,1527.HK,12/10/2015,,99,135000000,Industrials
142,1476.HK,15/10/2015,,,2604567412,Financials
143,1533.HK,15/10/2015,9000,7,35130000,Consumer Non-Cyclicals
144,1532.HK,16/10/2015,12096,98,897723000,Consumer Cyclicals
145,1508.HK,26/10/2015,14991820,,42479808085,Financials
146,2799.HK,30/10/2015,29945820,,39070208462,Financials
147,1495.HK,6/11/2015,16760,42,777846154,Consumer Cyclicals
148,3908.HK,9/11/2015,164671281,,4368667868,Financials
149,1556.HK,11/11/2015,25510,100,1500000000,Industrials
150,1452.HK,12/11/2015,,,494037000,Basic Materials
151,3799.HK,20/11/2015,10168010,73,13694117500,Consumer Non-Cyclicals
152,2120.HK,19/11/2015,357750,82,74600300,Healthcare
153,1538.HK,25/11/2015,1242180,100,854550000,Real Estate
154,6865.HK,26/11/2015,130575030,33,450000000,Energy
155,0722.HK,27/11/2015,1688760,92,765759953,Healthcare
156,1561.HK,1/12/2015,55000,42,677376770,Basic Materials
157,1492.HK,2/12/2015,4988640,75,2606719522,Consumer Non-Cyclicals
158,3866.HK,3/12/2015,65980,,1763034980,Financials
159,0416.HK,7/12/2015,11220,,7781615684,Financials
160,3996.HK,10/12/2015,45640,84,30020396364,Industrials
161,1341.HK,24/9/2014,2532600,14,5053658561,Industrials
162,1447.HK,10/12/2015,149340,,400000000,Industrials
163,0331.HK,10/12/2015,4782720,97,450000000,Industrials
164,1979.HK,11/12/2015,436280,99,1000456000,Industrials
165,2289.HK,14/12/2015,4590,92,108000000,Consumer Non-Cyclicals
166,3600.HK,15/12/2015,99940,94,962477000,Healthcare
167,1786.HK,16/12/2015,367535,97,1519884000,Industrials
168,1662.HK,18/12/2015,7963040,23,500000000,Industrials
169,1197.HK,,,,1000000000,Consumer Cyclicals
170,1543.HK,23/12/2015,2600,,1560792687,Financials
171,6196.HK,23/12/2015,7083948,,1669800000,Financials
172,1558.HK,29/12/2015,48183507,99,879967700,Healthcare
173,1568.HK,29/12/2015,10380,74,2158210000,Consumer Cyclicals
174,1548.HK,30/12/2015,146334357,1,1920374682,Healthcare
175,1799.HK,30/12/2015,170896,42,1200000000,Basic Materials
176,3678.HK,30/12/2015,69300,,907000000,Financials
177,3326.HK,4/1/2016,14805,100,1350000000,Consumer Cyclicals
178,3773.HK,7/1/2016,18360,63,415000000,Technology
179,1459.HK,12/1/2016,16280,100,533360000,Industrials
180,3301.HK,13/1/2016,14911780,77,1702517417,Real Estate
181,1565.HK,15/1/2016,6171770,55,3088761000,Academic & Educational Services
182,3963.HK,28/1/2016,,,412509000,Financials
183,2768.HK,8/3/2016,6179939,97,4055734623,Real Estate
184,6833.HK,10/3/2016,1260,83,1691890585,Consumer Non-Cyclicals
185,2138.HK,11/3/2016,5311030,78,1025611195,Consumer Non-Cyclicals
186,1557.HK,18/3/2016,143960,27,400000000,Industrials
187,2016.HK,30/3/2016,15717220,,4554000000,Financials
188,2239.HK,30/3/2016,,2,319202361,Technology
189,1578.HK,30/3/2016,,,6070551822,Financials
190,1419.HK,1/4/2016,1260,99,379552233,Healthcare
191,1496.HK,8/4/2016,16684,98,864000000,Industrials
192,1469.HK,8/4/2016,18320,,2500000000,Financials
193,1982.HK,12/4/2016,95850,96,2279392000,Consumer Cyclicals
194,1243.HK,12/4/2016,3160468,91,15200000000,Real Estate
195,2738.HK,15/4/2016,1052700,23,600000000,Basic Materials
196,3626.HK,18/5/2016,256840,41,184000000,Basic Materials
197,1585.HK,19/5/2016,128621400,33,2995000000,Consumer Cyclicals
198,2588.HK,1/6/2016,63722171,60,694010334,Financials
199,1420.HK,8/6/2016,15600,,1036456000,Industrials
200,1549.HK,6/7/2016,2440,58,1400000000,Industrials
201,3958.HK,23/3/2015,44748216,,1027080000,Financials
202,1606.HK,11/7/2016,40180,,12642380000,Financials
203,1586.HK,12/7/2016,37800,92,400000000,Energy
204,2869.HK,11/7/2016,80439650,32,3217246227,Real Estate
205,1523.HK,13/7/2016,68560,91,1069072000,Technology
206,1560.HK,13/7/2016,20040,6,641498000,Real Estate
207,1573.HK,13/7/2016,,,718000000,Energy
208,1579.HK,13/7/2016,84600970,9,1046900000,Consumer Non-Cyclicals
209,1612.HK,13/7/2016,1361880,98,640829000,Healthcare
210,1589.HK,15/7/2016,8322270,17,3237802835,Industrials
211,2278.HK,15/7/2016,,71,300000000,Real Estate
212,6816.HK,20/7/2016,,70,800000000,Industrials
213,6178.HK,18/8/2009,29517646,,704088800,Financials
214,2031.HK,12/9/2016,,,762000000,Consumer Cyclicals
215,3893.HK,12/9/2016,204860,1,2880000000,Consumer Cyclicals
216,2633.HK,21/9/2016,379460,81,1934221000,Healthcare
217,1658.HK,28/9/2016,1057056659,,19856167000,Financials
218,1591.HK,28/9/2016,49760,1,4000000000,Industrials
219,1577.HK,30/9/2016,,,680000000,Financials
220,6858.HK,6/10/2016,858445,,605642500,Consumer Cyclicals
221,1526.HK,6/10/2016,12320,63,1590324000,Healthcare
222,6099.HK,17/11/2009,33589985,,1274521534,Financials
223,2166.HK,7/10/2016,128940,80,492955030,Technology
224,1547.HK,14/10/2016,1728,,800000000,Industrials
225,2113.HK,17/10/2016,23200,7,804750000,Industrials
226,1609.HK,17/10/2016,17600,10,977760000,Industrials
227,3320.HK,28/10/2016,25928985,96,6282510461,Healthcare
228,3306.HK,31/10/2016,1789866,94,518750000,Consumer Cyclicals
229,1610.HK,1/11/2016,50509310,85,3901998323,Consumer Non-Cyclicals
230,1572.HK,8/11/2016,11016,,1678000000,Technology
231,3686.HK,8/11/2016,15600,100,1015200000,Consumer Cyclicals
232,3689.HK,8/11/2016,28700,100,334394000,Healthcare
233,6163.HK,11/11/2016,45500,84,251364000,Industrials
234,1633.HK,11/11/2016,76095,26,684750000,Industrials
235,1458.HK,11/11/2016,59538125,26,2383140500,Consumer Non-Cyclicals
236,1272.HK,15/11/2016,1640,50,2967542000,Industrials
237,1611.HK,21/11/2016,3204640,5,306800000,Industrials
238,1608.HK,24/11/2016,15520670,60,2646413000,Industrials
239,1629.HK,25/11/2016,,11,500000000,Basic Materials
240,6189.HK,25/11/2016,93965,38,240930645,Industrials
241,1632.HK,29/11/2016,31380,53,858918182,Consumer Cyclicals
242,1635.HK,4/3/1993,96100,33,533643000,Utilities
243,1581.HK,8/12/2016,1805,97,1037500000,Industrials
244,6066.HK,20/6/2018,146504564,,1261023762,Financials
245,1617.HK,12/12/2016,60560,61,1120000000,Technology
246,1357.HK,15/12/2016,19139035,4,4312830746,Technology
247,1580.HK,19/12/2016,51990,1,974400000,Basic Materials
248,1596.HK,21/12/2016,1351040,54,897840000,Basic Materials
249,1637.HK,3/1/2017,9070,100,400000000,Industrials
250,1536.HK,11/1/2017,15000,100,380000000,Industrials
251,1575.HK,12/1/2017,97874,1,1000000000,Consumer Cyclicals
252,1656.HK,24/11/2005,417250,82,435337894,Industrials
253,6122.HK,,61540,,4393239455,Financials
254,1518.HK,18/1/2017,39200,100,490025000,Healthcare
255,6068.HK,26/1/2017,7110780,77,2177154000,Academic & Educational Services
256,3789.HK,8/2/2017,7880,100,1200000000,Industrials
257,2266.HK,28/6/2017,41410,,400000000,Industrials
258,1660.HK,10/2/2017,2050000,10,6195000000,Industrials
259,1989.HK,15/2/2017,,,902880000,Healthcare
260,1627.HK,20/2/2017,24240,95,2000000000,Industrials
261,6169.HK,28/2/2017,37171155,48,3339640183,Academic & Educational Services
262,1985.HK,8/3/2017,211000,,300000000,Technology
263,3395.HK,10/3/2017,2225,3,301886520,Energy
264,3869.HK,16/3/2017,,55,138194000,Healthcare
265,1569.HK,22/3/2017,3862360,93,4217720000,Academic & Educational Services
266,1647.HK,30/3/2017,65845,83,1030540000,Industrials
267,2017.HK,31/3/2017,,87,618502000,Industrials
268,2281.HK,31/3/2017,13180,94,859710000,Utilities
269,3768.HK,6/4/2017,307550,91,1029111000,Utilities
270,1667.HK,7/4/2017,233010,4,960000000,Consumer Cyclicals
271,2611.HK,26/6/2015,42558312,,1391827180,Financials
272,2001.HK,19/4/2017,22271080,72,1541175430,Academic & Educational Services
273,1257.HK,8/5/2017,8224818,91,2066078000,Utilities
274,1655.HK,15/5/2017,,74,500000000,Consumer Cyclicals
275,3329.HK,19/5/2017,422060,,2734392000,Financials
276,1679.HK,9/6/2017,2967850,2,986619071,Industrials
277,6038.HK,13/6/2017,11900,100,1000000000,Industrials
278,2269.HK,13/6/2017,759754917,7,1358219536,Healthcare
279,1630.HK,16/6/2017,58404,3,1500000000,Consumer Cyclicals
280,1551.HK,20/6/2017,3080,,9808268539,Financials
281,1571.HK,28/6/2017,254520,98,1002905000,Consumer Cyclicals
282,1932.HK,10/7/2017,15140,12,1000000000,Basic Materials
283,1702.HK,11/7/2017,,,620944000,Basic Materials
284,1695.HK,11/7/2017,2045,14,1080000000,Consumer Non-Cyclicals
285,1962.HK,12/7/2017,3240920,57,686082000,Consumer Non-Cyclicals
286,6113.HK,12/7/2017,3800,73,400000000,Consumer Cyclicals
287,6088.HK,13/7/2017,43497540,87,6884888038,Technology
288,0994.HK,17/7/2017,168280,1,700830000,Industrials
289,1676.HK,18/7/2017,303640,,100000000,Consumer Non-Cyclicals
290,1649.HK,18/7/2017,,,2846860952,Industrials
291,1216.HK,19/7/2017,42500,,20075000000,Financials
292,3848.HK,21/7/2017,961670,,155523000,Financials
293,1693.HK,9/8/2017,8268,1,1800000000,Industrials
294,2863.HK,11/8/2017,117340,95,643621000,Industrials
295,1552.HK,12/9/2017,40800,92,800000000,Industrials
296,1696.HK,19/9/2017,546712,100,442155600,Healthcare
297,3830.HK,21/9/2017,17535,100,1000000000,Consumer Cyclicals
298,1651.HK,25/9/2017,73850,90,380994000,Industrials
299,6060.HK,28/9/2017,682185847,,1469812900,Financials
300,6885.HK,10/10/2017,106600,100,535421000,Energy
301,1707.HK,12/10/2017,74000,3,1680000000,Industrials
302,2337.HK,16/10/2017,2229618,33,374502000,Energy
303,2225.HK,17/10/2017,13450,9,1230000000,Industrials
304,6080.HK,20/10/2017,15324,6,933750000,Industrials
305,2232.HK,3/11/2017,236890,99,2852822000,Consumer Cyclicals
306,0772.HK,8/11/2017,413114504,5,1015781716,Consumer Cyclicals
307,1720.HK,9/11/2017,820640,85,1100000000,Technology
308,2122.HK,10/11/2017,43138,100,800000000,Consumer Cyclicals
309,1337.HK,13/11/2017,20373174,5,8921028033,Technology
310,1706.HK,15/11/2017,10945,93,1000000000,Industrials
311,1975.HK,16/11/2017,8026200,100,480000000,Industrials
312,3358.HK,16/11/2017,1537695,98,1058391000,Consumer Cyclicals
313,2858.HK,16/11/2017,7524725,,6374961548,Financials
314,1710.HK,23/11/2017,16096,100,1000000000,Industrials
315,1697.HK,8/12/2017,36792,,4658850000,Financials
316,2227.HK,11/12/2017,102792,1,915600000,Industrials
317,1475.HK,11/12/2017,15366025,50,1074319480,Consumer Non-Cyclicals
318,1417.HK,11/12/2017,19200,29,405000000,Real Estate
319,6090.HK,12/1/1995,7880,,840778624,Real Estate
320,0839.HK,15/12/2017,53621766,38,2150222000,Academic & Educational Services
321,2022.HK,15/12/2017,222580,,2000000000,Technology
322,1727.HK,15/12/2017,73159440,62,1761383500,Industrials
323,1722.HK,15/12/2017,45230,,1000000000,Industrials
324,1789.HK,20/12/2017,73085520,13,1113975000,Healthcare
325,3878.HK,22/12/2017,106040,96,400000000,Industrials
326,2708.HK,28/12/2017,9664100,34,421427509,Technology
327,0784.HK,28/12/2017,48440,57,800000000,Industrials
328,1730.HK,13/4/2015,89140,,402445400,Real Estate
329,3738.HK,4/1/2018,12833260,18,430089489,Technology
330,2025.HK,5/1/2018,,73,800000000,Consumer Cyclicals
331,3309.HK,15/1/2018,33920770,9,1143727977,Healthcare
332,3699.HK,16/1/2018,1000,100,441400000,Real Estate
333,2448.HK,16/1/2018,8141150,,760000000,Industrials
334,2292.HK,16/1/2018,,23,720000000,Real Estate
335,6158.HK,16/1/2018,15382680,63,4367756000,Real Estate
336,6182.HK,17/1/2018,,1,800000000,Basic Materials
337,2139.HK,18/1/2018,2232550,,10069791330,Financials
338,1665.HK,19/1/2018,1580960,71,1600000000,Technology
339,2683.HK,22/1/2018,44350,100,408626000,Consumer Cyclicals
340,1711.HK,29/1/2018,53820,100,800000000,Consumer Cyclicals
341,6829.HK,8/2/2018,117460,82,1200000000,Industrials
342,3319.HK,9/2/2018,123119919,43,1333334000,Real Estate
343,1183.HK,13/2/2018,4988840,,1196192000,Industrials
344,1729.HK,13/2/2018,176600,100,1840000000,Industrials
345,1933.HK,2/3/2018,30760,2,503927177,Technology
346,1621.HK,5/3/2018,7032,100,1000000000,Energy
347,2182.HK,8/3/2018,99780,100,620000000,Consumer Non-Cyclicals
348,1815.HK,13/3/2018,822370,90,1237875040,Consumer Cyclicals
349,1737.HK,14/3/2018,34550,100,1000000000,Industrials
350,1705.HK,14/3/2018,82080,99,400000000,Consumer Non-Cyclicals
351,6036.HK,16/3/2018,379975,42,1000000000,Technology
352,2377.HK,16/3/2018,2407390,95,1007106799,Industrials
353,2363.HK,16/3/2018,10880,,189115638,Technology
354,2779.HK,26/3/2018,1631630,82,1608583000,Academic & Educational Services
355,2116.HK,28/3/2018,2610,,480000000,Basic Materials
356,1716.HK,28/3/2018,313330,90,270000000,Consumer Cyclicals
357,1735.HK,29/3/2018,652720,5,1056000000,Industrials
358,1726.HK,18/4/2018,,95,800000000,Industrials
359,1671.HK,27/4/2018,13340,96,159920907,Utilities
360,1833.HK,4/5/2018,735055768,4,1067294200,Healthcare
361,1742.HK,11/5/2018,4250,100,1600000000,Industrials
362,1750.HK,11/5/2018,176660,98,1800000000,Industrials
363,1752.HK,11/5/2018,84550,52,2445738000,Academic & Educational Services
364,2119.HK,11/5/2018,199680,98,731313112,Consumer Non-Cyclicals
365,1598.HK,29/5/2018,527430,93,1167216000,Academic & Educational Services
366,1978.HK,30/5/2018,17970,100,800000000,Consumer Cyclicals
367,1451.HK,1/6/2018,8260,100,200000000,Basic Materials
368,6119.HK,1/6/2018,48555,98,600000000,Industrials
369,1757.HK,7/6/2018,105520,2,1200000000,Industrials
370,1806.HK,15/6/2018,4000424,100,1302089918,Industrials
371,2003.HK,21/6/2018,2630434,,495524389,Financials
372,1916.HK,26/6/2018,31940,,6024276901,Financials
373,1749.HK,27/6/2018,1483760,3,133400000,Consumer Cyclicals
374,1587.HK,27/6/2018,31220,,680000000,Consumer Non-Cyclicals
375,1620.HK,28/6/2018,14130,98,1200000000,Consumer Cyclicals
376,6100.HK,29/6/2018,9452944,33,521457932,Industrials
377,1592.HK,4/7/2018,1724275,5,1224000000,Basic Materials
378,2262.HK,5/7/2018,11792955,90,1140039000,Consumer Cyclicals
379,1763.HK,6/7/2018,5752740,76,319874900,Healthcare
380,1810.HK,9/7/2018,2691917901,18,26198387679,Technology
381,6190.HK,10/7/2018,,,2407367200,Financials
382,1652.HK,11/7/2018,1358285,21,775101000,Healthcare
383,1746.HK,11/7/2018,172500,7,1000000000,Industrials
384,6860.HK,12/7/2018,81790,100,1931387000,Technology
385,3700.HK,12/7/2018,3176370,,2006956000,Technology
386,1760.HK,12/7/2018,866600,47,1035975000,Consumer Cyclicals
387,1739.HK,5/7/2018,20330,3,1184904590,Technology
388,1996.HK,12/7/2018,9623690,61,3321002000,Real Estate
389,1773.HK,12/7/2018,127162913,23,2075000000,Academic & Educational Services
390,2051.HK,13/7/2018,420440,,1358320188,Technology
391,1775.HK,13/7/2018,57080,96,500000000,Academic & Educational Services
392,1731.HK,13/7/2018,31000,,1120000000,Consumer Cyclicals
393,1721.HK,16/7/2018,,,1000000000,Basic Materials
394,1968.HK,16/7/2018,19100,100,640000000,Consumer Cyclicals
395,1715.HK,16/7/2018,205700,13,1500000000,Consumer Cyclicals
396,0797.HK,18/7/2018,5098340,26,2619500000,Technology
397,3302.HK,18/7/2018,,,857419324,Industrials
398,1576.HK,19/7/2018,22750,100,2000000000,Industrials
399,2048.HK,20/7/2018,17215311,80,1385374700,Real Estate
400,1758.HK,31/7/2018,119160,78,821856000,Academic & Educational Services
401,1672.HK,1/8/2018,1677660,,1106336000,Healthcare
402,1765.HK,3/8/2018,23713720,40,7229881918,Academic & Educational Services
403,6160.HK,3/2/2016,71510670,2,1175217123,Healthcare
404,0788.HK,8/8/2018,745572962,92,1.76008E+11,Industrials
405,1725.HK,16/8/2018,84700,53,300000000,Technology
406,1783.HK,22/8/2018,7750,,800000000,Industrials
407,1615.HK,10/9/2018,1170,,600000000,Industrials
408,1969.HK,13/9/2018,,,1200000000,Academic & Educational Services
409,2552.HK,14/9/2018,7434725,1,1054893800,Healthcare
410,2680.HK,14/9/2018,27930,,400000000,Industrials
411,3690.HK,20/9/2018,3759885683,7,5881008262,Technology
412,6862.HK,26/9/2018,170077677,12,5300000000,Consumer Cyclicals
413,1748.HK,26/9/2018,449320,62,440000000,Industrials
414,1911.HK,27/9/2018,1568736,,534845112,Financials
415,1723.HK,27/9/2018,2159620,19,400000000,Technology
416,1787.HK,28/8/2003,184576882,54,699503419,Basic Materials
417,1781.HK,4/10/2018,,,540000000,Basic Materials
418,1540.HK,8/10/2018,62546,100,498671823,Industrials
419,1809.HK,9/10/2018,1986080,85,635375000,Consumer Cyclicals
420,6111.HK,11/10/2018,3570550,35,827880000,Real Estate
421,1772.HK,10/8/2010,84929696,13,240222800,Basic Materials
422,3990.HK,11/10/2018,52908576,86,1230567000,Real Estate
423,1939.HK,11/10/2018,38510,61,500000000,Consumer Cyclicals
424,1894.HK,12/10/2018,1997760,67,767600000,Industrials
425,1741.HK,16/10/2018,50960,13,800000000,Industrials
426,1653.HK,19/10/2018,173780,91,240000000,Consumer Cyclicals
427,1825.HK,19/10/2018,101370,1,800000000,Consumer Cyclicals
428,1034.HK,30/10/2018,12480,1,1600000000,Industrials
429,1801.HK,31/10/2018,332377088,3,1399731497,Healthcare
430,1712.HK,5/11/2018,2572030,,138840613,Basic Materials
431,1755.HK,6/11/2018,32697562,30,819110000,Real Estate
432,3616.HK,12/11/2018,1059700,99,1200000000,Real Estate
433,1835.HK,13/11/2018,,,153340000,Financials
434,6890.HK,19/11/2018,20120,89,606252000,Basic Materials
435,2258.HK,19/11/2018,236380,100,825400000,Industrials
436,0780.HK,26/11/2018,132854784,55,2164076319,Consumer Cyclicals
437,1761.HK,27/11/2018,563135,1,1662001609,Consumer Cyclicals
438,1790.HK,19/11/2018,68300,85,1000000000,Utilities
439,1119.HK,6/12/2018,20162542,65,1269718990,Consumer Cyclicals
440,2168.HK,6/12/2018,17362566,85,154000000,Real Estate
441,3668.HK,28/6/2012,,93,1320439437,Energy
442,3992.HK,11/12/2018,20320,48,500000000,Real Estate
443,1860.HK,12/12/2018,5707040,64,1534204000,Consumer Cyclicals
444,1837.HK,12/12/2018,2247400,54,2188514000,Consumer Non-Cyclicals
445,2798.HK,12/12/2018,6865650,31,1600000000,Energy
446,2359.HK,8/5/2018,231835431,11,306924384,Healthcare
447,1992.HK,14/12/2018,364756,70,1235045383,Consumer Cyclicals
448,1995.HK,17/12/2018,86335064,19,1670400000,Real Estate
449,1983.HK,17/12/2018,,,2264793385,Financials
450,1675.HK,19/12/2018,28549012,58,914901433,Technology
451,2892.HK,20/12/2018,,85,750000000,Real Estate
452,1820.HK,21/12/2018,269520,87,300632000,Basic Materials
453,1762.HK,21/12/2018,513450,96,1320018350,Consumer Cyclicals
454,1877.HK,15/7/2020,29337093,4,182746500,Healthcare
455,3978.HK,27/12/2018,1934790,,849720000,Academic & Educational Services
456,1713.HK,28/12/2018,31180,100,1074357700,Utilities
457,1759.HK,28/12/2018,,,216000000,Utilities
458,1796.HK,31/12/2018,27920,4,480000000,Consumer Cyclicals
459,1845.HK,3/1/2019,167895,81,1333335000,Industrials
460,1743.HK,4/1/2019,,57,69791167,Industrials
461,2360.HK,11/1/2019,606100,51,1000000000,Consumer Non-Cyclicals
462,2885.HK,11/1/2019,36490,,400000000,Technology
463,1767.HK,14/1/2019,177000,88,1000000000,Consumer Non-Cyclicals
464,1785.HK,15/1/2019,17320,89,1656102000,Industrials
465,6162.HK,15/1/2019,95208,98,2000000000,Consumer Cyclicals
466,2013.HK,15/1/2019,536898729,8,2254977427,Technology
467,1851.HK,18/1/2019,310760,31,500000000,Academic & Educational Services
468,1890.HK,25/1/2019,9442960,47,2015248667,Academic & Educational Services
469,1896.HK,4/2/2019,40022048,28,1135244901,Technology
470,1703.HK,15/2/2019,1158875,100,1000000000,Consumer Cyclicals
471,2616.HK,26/2/2019,3272360,1,1054830292,Healthcare
472,2019.HK,26/2/2019,3105330,75,2701341000,Real Estate
473,1793.HK,27/2/2019,21560,,800000000,Industrials
474,1872.HK,28/2/2019,34250,98,900000000,Consumer Cyclicals
475,1025.HK,28/2/2019,11888,1,520000000,Consumer Cyclicals
476,2108.HK,6/3/2019,30364,51,800000000,Consumer Cyclicals
477,1902.HK,6/3/2019,1012060,53,1446962138,Real Estate
478,1158.HK,11/3/2019,416400,65,280000000,Consumer Cyclicals
479,1917.HK,14/3/2019,141900,2,2300000000,Consumer Cyclicals
480,3316.HK,15/3/2019,6677420,51,276407000,Real Estate
481,1907.HK,15/3/2019,2872400,67,4090000000,Basic Materials
482,1891.HK,15/3/2019,358804,92,1000000000,Industrials
483,1563.HK,15/3/2019,1183140,,1500000000,Financials
484,3662.HK,18/3/2019,33970620,75,726250000,Real Estate
485,2682.HK,18/3/2019,88840,100,1000000000,Industrials
486,6819.HK,27/3/2019,1869515,10,457112155,Technology
487,1865.HK,27/3/2019,7089800,10,920000000,Industrials
488,6185.HK,28/3/2019,220734243,,132670900,Healthcare
489,1797.HK,28/3/2019,100068279,3,939965602,Academic & Educational Services
490,2718.HK,3/4/2019,27890,,2139651400,Financials
491,2660.HK,16/4/2019,967040,100,1018274000,Technology
492,3321.HK,23/4/2019,2385175,,500000000,Industrials
493,1545.HK,25/4/2019,22540,100,2000000000,Consumer Cyclicals
494,1906.HK,26/4/2019,698450,24,1200000000,Consumer Cyclicals
495,6806.HK,26/1/2015,7218312,,2504000000,Financials
496,1780.HK,30/4/2019,6000,100,620000000,Industrials
497,1753.HK,7/5/2019,13573820,60,1077323200,Consumer Cyclicals
498,1857.HK,16/2/2004,399230,73,2860876723,Utilities
499,1873.HK,9/5/2019,118105427,11,1902594796,Healthcare
500,1903.HK,10/5/2019,152640,100,500000000,Industrials
501,1832.HK,16/5/2019,1780,100,360000000,Consumer Cyclicals
502,2346.HK,16/5/2019,149430,,500000000,Basic Materials
503,2230.HK,21/5/2019,101635,,1992000000,Consumer Cyclicals
504,1817.HK,27/5/2019,4986105,84,950000000,Consumer Cyclicals
505,2060.HK,28/5/2019,4744140,61,811044000,Basic Materials
506,3868.HK,28/5/2019,84298880,43,7109998471,Utilities
507,1521.HK,30/5/2019,6786180,18,2033278910,Healthcare
508,2181.HK,31/5/2019,271940,2,4124080000,Healthcare
509,1905.HK,3/6/2019,3582080,,8235300000,Financials
510,0667.HK,12/6/2019,57065340,33,2193416706,Academic & Educational Services
511,6055.HK,12/6/2019,13586340,19,691680000,Consumer Non-Cyclicals
512,2189.HK,13/6/2019,122000,95,1000000000,Healthcare
513,6811.HK,13/6/2019,2447250,83,1001473000,Consumer Cyclicals
514,3692.HK,14/6/2019,100746061,10,5918991200,Healthcare
515,3877.HK,17/6/2019,1551520,,6136066234,Financials
516,1935.HK,18/6/2019,1180940,60,1600830000,Academic & Educational Services
517,6117.HK,19/6/2019,3600,100,1660000000,Industrials
518,1769.HK,21/6/2019,29976210,11,555700000,Academic & Educational Services
519,1951.HK,25/6/2019,75382212,19,2429501802,Healthcare
520,1849.HK,26/6/2019,462700,59,800000000,Technology
521,1901.HK,28/6/2019,474100,23,500000000,Consumer Cyclicals
522,1842.HK,28/6/2019,213388,15,1000000000,Consumer Cyclicals
523,1286.HK,28/6/2019,217250,88,1883295000,Industrials
524,1930.HK,28/6/2019,34400,97,660000000,Consumer Cyclicals
525,1943.HK,28/6/2019,875,1,1000000000,Industrials
526,1701.HK,28/6/2019,529732,26,1000000000,Consumer Cyclicals
527,3798.HK,4/7/2019,12560620,52,1256000000,Consumer Cyclicals
528,0924.HK,5/7/2019,54480,90,1000000000,Industrials
529,2180.HK,10/7/2019,85760,87,207500000,Industrials
530,1839.HK,11/7/2019,2116840,97,1765000000,Industrials
531,1977.HK,12/7/2019,1656000,100,1400000000,Industrials
532,6093.HK,12/7/2019,478260,48,480000000,Real Estate
533,1931.HK,12/7/2019,3769700,19,1329740000,Healthcare
534,1912.HK,16/7/2019,582270,98,800000000,Technology
535,0382.HK,16/7/2019,12681420,60,1018362000,Academic & Educational Services
536,1134.HK,16/7/2019,13120,34,500000000,Healthcare
537,6805.HK,16/7/2019,191960,37,1120000000,Industrials
538,1949.HK,16/7/2019,2270130,2,400000000,Technology
539,2772.HK,16/7/2019,10352525,88,3581791500,Real Estate
540,2558.HK,18/7/2019,20580,,5838650000,Financials
541,1920.HK,16/8/2019,9600,87,2600000000,Industrials
542,3928.HK,19/9/2019,25000,95,480000000,Industrials
543,2696.HK,25/9/2019,3974195,3,543494853,Healthcare
544,1876.HK,30/9/2019,141166597,30,13243397000,Consumer Non-Cyclicals
545,3938.HK,30/9/2019,21744068,,405962965,Financials
546,1960.HK,30/9/2019,985,100,1000000000,Energy
547,6820.HK,8/10/2019,7398500,,2187750000,Consumer Cyclicals
548,3601.HK,10/10/2019,644620,100,269000000,Technology
549,6110.HK,10/10/2019,30554227,66,6201222024,Consumer Cyclicals
550,1895.HK,11/10/2019,6073700,89,549500000,Real Estate
551,1846.HK,15/10/2019,654460,45,329234000,Consumer Cyclicals
552,1582.HK,16/10/2019,20000,100,500000000,Industrials
553,1955.HK,16/10/2019,166780,99,500000000,Industrials
554,1084.HK,17/10/2019,237800,95,816392000,Consumer Non-Cyclicals
555,1283.HK,18/10/2019,14578050,53,800000000,Industrials
556,1959.HK,18/10/2019,15350,97,500000000,Consumer Cyclicals
557,1967.HK,18/10/2019,3528020,35,250000000,Technology
558,2606.HK,18/10/2019,22219680,88,178102160,Real Estate
559,1843.HK,23/10/2019,177260,100,800000000,Consumer Cyclicals
560,1871.HK,24/10/2019,130064,,400000000,Academic & Educational Services
561,1853.HK,24/10/2019,1724750,100,466700000,Utilities
562,1692.HK,25/10/2019,318040,100,359000000,Consumer Cyclicals
563,6855.HK,28/10/2019,11750670,1,223901727,Healthcare
564,0302.HK,31/10/2019,22403540,76,2330150000,Consumer Cyclicals
565,1847.HK,31/10/2019,185720,100,446272000,Basic Materials
566,1821.HK,1/11/2019,79491685,29,3058701191,Financials
567,2163.HK,6/11/2019,30617435,39,487639400,Basic Materials
568,1922.HK,6/11/2019,4306900,65,267152000,Real Estate
569,1870.HK,8/11/2019,108127,,520000000,Industrials
570,1987.HK,8/11/2019,4525800,20,1000000000,Industrials
571,1921.HK,8/11/2019,33400,68,1500000000,Basic Materials
572,1501.HK,8/11/2019,7629030,15,166000000,Healthcare
573,1875.HK,8/11/2019,246392,1,570000000,Healthcare
574,3603.HK,8/11/2019,4654980,38,1500000000,Real Estate
575,1427.HK,11/11/2019,3261230,96,809456000,Real Estate
576,1640.HK,12/11/2019,85330,100,400000000,Consumer Cyclicals
577,3681.HK,12/11/2019,765969,1,1006240400,Healthcare
578,6186.HK,13/11/2019,258436712,41,8933340000,Consumer Non-Cyclicals
579,1346.HK,13/11/2019,10160,100,639100000,Consumer Cyclicals
580,1401.HK,13/11/2019,3076200,78,1000000000,Industrials
581,1747.HK,14/11/2019,,98,501633663,Technology
582,3348.HK,15/11/2019,18520,100,500000000,Industrials
583,2103.HK,15/11/2019,7272790,96,3570187000,Real Estate
584,2296.HK,21/11/2019,691440,,2000000000,Industrials
585,1756.HK,25/11/2019,70090,81,1200000000,Academic & Educational Services
586,9988.HK,19/9/2014,3979294977,26,21645092800,Technology
587,1425.HK,28/11/2019,386875,98,1250000000,Consumer Cyclicals
588,3759.HK,28/1/2019,89848026,11,134016500,Healthcare
589,2231.HK,5/12/2019,1303210,75,1646173000,Real Estate
590,2500.HK,10/12/2019,52928012,6,422968943,Healthcare
591,9966.HK,12/12/2019,11304180,2,933465370,Healthcare
592,2400.HK,12/12/2019,39050700,37,454112700,Technology
593,1593.HK,13/12/2019,6369100,65,1000000000,Academic & Educational Services
594,6919.HK,13/12/2019,7715100,67,153669579,Industrials
595,3680.HK,13/12/2019,10411300,5,400000000,Technology
596,1691.HK,18/12/2019,115487847,42,3412654277,Consumer Cyclicals
597,1553.HK,18/12/2019,51780,98,433800000,Basic Materials
598,6193.HK,18/12/2019,203240,81,400000000,Basic Materials
599,6049.HK,19/12/2019,62836420,27,553333400,Real Estate
600,9928.HK,19/12/2019,54620833,36,985672747,Real Estate
601,6199.HK,30/12/2019,34450,,14588046744,Financials
602,9909.HK,30/12/2019,53910775,24,621500000,Consumer Cyclicals
603,9911.HK,31/12/2019,15736160,76,1000000000,Consumer Cyclicals
604,1542.HK,31/12/2019,,68,200000000,Utilities