,Type,RIC
0,K:TCNT,0700
1,K:MEDI,3690
2,K:CCBN,0939
3,K:CHT,0941
4,K:AGP,1299
5,K:HSBC,0005
6,K:HKEX,0388
7,K:XIAI,1810
8,K:CNOO,0883
9,K:BBCA,1876
10,K:HAIN,6862
11,K:SHKP,0016
12,K:SHNG,0241
13,K:CHBE,1109
14,K:PIPE,0027
15,K:LNGF,0960
16,K:SNDC,1928
17,K:WXBO,2269
18,K:BOC,2388
19,K:NMGH,0708
20,K:COLI,0688
21,K:HSBA,0011
22,K:MTRC,0066
23,K:ANIT,2020
24,K:EVRG,3333
25,K:CITP,0267
26,K:COGA,2007
27,K:HANP,3692
28,K:HKCG,0003
29,K:UNIC,0762
30,K:CHGK,0001
31,K:CLIG,0002
32,K:SZIN,2313
33,K:SBIO,1177
34,K:SMIH,6969
35,K:TRON,0669
36,K:CHIF,6186
37,K:MNDA,2319
38,K:CHRE,0291
39,K:CKPH,1113
40,K:CGSS,6098
41,K:MANR,0175
42,K:LREI,0823
43,K:SCHL,1918
44,K:CPHA,1093
45,K:HELD,0012
46,K:PINH,1833
47,K:SMIC,0981
48,K:SHIM,0813
49,K:SOPT,2382
50,K:SWIE,1972
51,K:YIHA,1579
52,K:BYDE,0285
53,K:IWAI,0384
54,K:CTFJ,1929
55,K:CKIH,1038
56,K:XINA,2688
57,K:AMOY,0101
58,K:NWDV,0017
59,K:HKEL,0006
60,K:SARG,6808
61,K:HHPL,0288
62,K:WREI,1997
63,K:ZSG,0881
64,K:BYD,1211
65,K:CCVH,0586
66,K:CRCH,1313
67,K:LOGI,1193
68,K:CHTW,0788
69,K:DALF,3799
70,K:ESRC,1821
71,K:FOSN,0656
72,K:GUAN,0270
73,K:WIL,1169
74,K:HENG,1044
75,K:HKEK,2638
76,K:HKTL,6823
77,K:INNB,1801
78,K:KDEE,0268
79,K:LNIN,2331
80,K:LPTY,3380
81,K:MPS,0853
82,K:PSBC,1658
83,K:PRAD,1913
84,K:SDW,1066
85,K:SILC,0083
86,K:CAYM,0322
87,K:WANT,0151
88,K:WYNN,1128
89,K:XSHL,0968
90,K:SBIL,1530
91,K:ALIV,3319
92,K:AACA,2018
93,K:AGIL,3383
94,K:AKME,1789
95,K:AKES,9926
96,K:INTC,1060
97,K:ALIG,0373
98,K:ALPO,9966
99,K:ARCG,9990
100,K:ASIC,0743
101,K:ASIT,1675
102,K:ASMP,0522
103,K:AUST,1717
104,K:AVIC,2357
105,K:BEAA,0023
106,K:BJCL,0416
107,K:BEEN,0392
108,K:WANO,0371
109,K:BEAI,0694
110,K:BINL,2299
111,K:BOCA,2588
112,K:BOSI,3998
113,K:CBA,1114
114,K:SWED,1908
115,K:POKP,0043
116,K:CAFE,0341
117,K:CANB,6185
118,K:CATH,0293
119,K:CCNL,9983
120,K:CETR,0832
121,K:CPWR,1816
122,K:CREI,2778
123,K:CCON,1800
124,K:CHCM,0552
125,K:CAPP,0512
126,K:CLYU,0916
127,K:CPOW,2380
128,K:CAOY,3883
129,K:CHBO,9668
130,K:CCAM,1359
131,K:RENH,1387
132,K:CEEH,0667
133,K:CHEG,0839
134,K:IHDH,0165
135,K:CHEI,0257
136,K:CGXY,6881
137,K:CHGT,1378
138,K:CHMT,2799
139,K:CICC,3908
140,K:FRAP,0817
141,K:CHK1,1890
142,K:CLG,2128
143,K:CHLT,0772
144,K:CLPH,1589
145,K:CHM,0867
146,K:CHML,1268
147,K:HAIH,0144
148,K:CMOL,3993
149,K:CNBM,3323
150,K:SHEL,0081
151,K:COPH,2669
152,K:CHRN,1911
153,K:CRPH,3320
154,K:CREP,0836
155,K:CHRG,1907
156,K:CHI,1966
157,K:HOPY,0412
158,K:CSCG,0691
159,K:CINS,0966
160,K:CTC,0728
161,K:CTGC,1252
162,K:CTIH,6055
163,K:WISH,0570
164,K:CEDA,0855
165,K:CYAS,3669
166,K:SYCA,8083
167,K:CHYU,6169
168,K:CZBC,2016
169,K:CSFT,0354
170,K:CHNE,0127
171,K:CIHG,0884
172,K:CTIC,1883
173,K:CKLS,0775
174,K:CFML,1610
175,K:FLGR,1199
176,K:CSCF,6066
177,K:CSCI,3311
178,K:CSTP,2616
179,K:DSBG,2356
180,K:DICH,0861
181,K:DFMG,0489
182,K:EHOU,2048
183,K:ESLS,1995
184,K:FEHL,3360
185,K:FPCC,0142
186,K:FHTL,6088
187,K:FRE,0778
188,K:FOST,1992
189,K:ASYI,1448
190,K:SUNG,0535
191,K:GENS,1548
192,K:WWT,1282
193,K:GERG,3308
194,K:FIRE,0530
195,K:CAPT,0493
196,K:GEAL,0041
197,K:GWA,2333
198,K:GTCH,3900
199,K:GSGC,2869
200,K:GAG,2238
201,K:GURF,2777
202,K:GUOC,0053
203,K:GJIH,1788
204,K:BIHT,1112
205,K:HMAP,0357
206,K:HAIT,1882
207,K:TAIF,0665
208,K:HLDV,0010
209,K:MAS,0136
210,K:HKBN,1310
211,K:CTEL,1137
212,K:HKHT,0045
213,K:HOEE,1765
214,K:HOPS,0754
215,K:HUAH,1347
216,K:SILV,0336
217,K:HUIX,8700
218,K:HUI1,9968
219,K:HYHH,6078
220,K:HYSD,0014
221,K:ICGI,0799
222,K:INNP,9969
223,K:JIGL,2768
224,K:GDIG,2362
225,K:JNMA,6139
226,K:JIFG,1951
227,K:JIIH,9922
228,K:JNEL,0179
229,K:JSGG,1691
230,K:KWAI,0173
231,K:KHDL,1638
232,K:KAM1,9997
233,K:KLNT,0636
234,K:KERP,0683
235,K:KINC,0148
236,K:KILA,1888
237,K:KINS,3888
238,K:STIM,1031
239,K:KOTH,1797
240,K:KOWL,0034
241,K:PARG,0135
242,K:KWGP,1813
243,K:LOIS,0973
244,K:LMPM,2314
245,K:LEGH,3396
246,K:LEGE,0992
247,K:SFHD,1089
248,K:LIFS,1212
249,K:LTSC,1302
250,K:CINF,3339
251,K:LUK,0590
252,K:LUYE,2186
253,K:NHER,0095
254,K:MEH,1999
255,K:MAOE,1896
256,K:MELO,0200
257,K:MCHL,2282
258,K:MIRE,3990
259,K:MINT,0425
260,K:ORMT,1208
261,K:NAGA,3918
262,K:NETD,0777
263,K:NAGL,1316
264,K:NDRA,2689
265,K:NISS,1475
266,K:PAPO,0659
267,K:OCUT,1477
268,K:OROC,0316
269,K:TRIC,0008
270,K:PEIM,9996
271,K:PICC,2328
272,K:POPD,6049
273,K:POUS,3813
274,K:PCMH,9909
275,K:PRE,1238
276,K:QTCH,1478
277,K:RAZE,1337
278,K:REDC,1622
279,K:RONS,3301
280,K:XIN1,1755
281,K:SAM,1910
282,K:SANY,0631
283,K:SCEG,1769
284,K:FLDH,1030
285,K:SIND,0363
286,K:SLAS,0069
287,K:XJIN,2066
288,K:SHEN,0152
289,K:SHUM,0604
290,K:SHOU,0697
291,K:FHUI,0639
292,K:SIN1,2103
293,K:SINO,3377
294,K:SPHL,1099
295,K:SITH,3808
296,K:SIH,1308
297,K:SJMH,0880
298,K:SOHO,0410
299,K:LIJU,2005
300,K:SUNE,1686
301,K:SWPA,0019
302,K:TCLI,1070
303,K:TIAL,1773
304,K:TPIL,0819
305,K:TPHS,1233
306,K:TINH,9928
307,K:TOEH,0780
308,K:WSTI,6100
309,K:TOIH,6110
310,K:PANV,1083
311,K:TRAV,0696
312,K:TSTP,0247
313,K:UNIP,0220
314,K:RUSA,0486
315,K:TOPS,0467
316,K:ULAB,3933
317,K:VEMH,2500
318,K:VIND,3331
319,K:VITA,0345
320,K:VIVB,1873
321,K:VTEC,0303
322,K:WEIM,2013
323,K:HKWH,0004
324,K:XD,2400
325,K:XIAB,0520
326,K:XIE1,3868
327,K:XINY,0868
328,K:YADE,1585
329,K:YEAH,9923
330,K:YIXN,2858
331,K:YUEN,0551
332,K:GZIN,0123
333,K:GZIR,0405
334,K:MANH,0376
335,K:YPRP,1628
336,K:ZHAO,1818
337,K:ZHNT,6158
338,K:ZOAC,6060
339,K:ZHOH,2772
340,K:MRCH,3633
341,K:ZHYI,1458
342,K:ZCSR,3898
343,K:HOSP,8495
344,K:360L,3601
345,K:DGRS,1361
346,K:CRED,2051
347,K:OLIX,0797
348,K:HSGE,1737
349,K:APGH,1841
350,K:ADMH,0800
351,K:AAGE,2686
352,K:ABBG,1615
353,K:ABC,8131
354,K:ABLE,1627
355,K:ACGH,1283
356,K:ACIH,1870
357,K:ACG1,9919
358,K:CZRH,2623
359,K:ADTC,1163
360,K:AEON,0900
361,K:JUSC,0984
362,K:AESO,8341
363,K:AFF,1757
364,K:OMJL,1466
365,K:KHIN,1131
366,K:MGIN,8279
367,K:AHSB,8290
368,K:TECP,8088
369,K:ITCH,0286
370,K:AJIS,0538
371,K:AKM,1639
372,K:ALGL,8360
373,K:ALCO,0328
374,K:AILL,0684
375,K:APRP,0056
376,K:ALLD,8320
377,K:ALLT,0833
378,K:AEIH,8406
379,K:ZOBE,0948
380,K:ALTS,8149
381,K:AMGH,1849
382,K:AMAS,8168
383,K:RAIN,0033
384,K:JACK,0630
385,K:AMS,0077
386,K:AMUS,8545
387,K:VGRD,2300
388,K:ANCL,8353
389,K:ANAH,1977
390,K:ANCH,1592
391,K:ANTO,3337
392,K:VITE,0922
393,K:HMIL,1370
394,K:AHLG,3662
395,K:APRH,1496
396,K:YING,1104
397,K:APEX,6036
398,K:MINF,0860
399,K:AELE,0519
400,K:APTS,1045
401,K:KTPH,0645
402,K:ARTX,0565
403,K:ARTG,3313
404,K:ARTI,0789
405,K:ARTS,1120
406,K:APGI,6855
407,K:DAXP,1672
408,K:CHUW,0711
409,K:ASCR,0841
410,K:ACOM,0104
411,K:IICI,0351
412,K:ASIF,0662
413,K:ASGR,8413
414,K:ORIE,0214
415,K:PAPL,0767
416,K:IONA,8400
417,K:WLWT,0899
418,K:YAOH,0292
419,K:ASTD,0129
420,K:PROC,0679
421,K:COPR,0707
422,K:AELH,8620
423,K:GPSL,8193
424,K:AIR,8025
425,K:ACHL,0073
426,K:ARAY,1993
427,K:ASIA,0271
428,K:AIH,0105
429,K:ASFN,8333
430,K:ATLN,8043
431,K:SJTU,8148
432,K:ASTR,6118
433,K:ASPI,2031
434,K:WKEE,0720
435,K:AUTO,0771
436,K:MEGH,2080
437,K:AVCO,0595
438,K:AVPR,8419
439,K:FEAL,0232
440,K:ALII,0260
441,K:BDSH,1780
442,K:BSIL,1705
443,K:BABG,1761
444,K:BAGR,1397
445,K:BAIC,1958
446,K:BFIL,2100
447,K:BYKE,8525
448,K:BBHC,2293
449,K:ABCC,0030
450,K:BCCL,1963
451,K:BNKG,2139
452,K:BAOG,6199
453,K:BOJH,6190
454,K:BQCL,3866
455,K:BOTI,1578
456,K:BOZZ,6196
457,K:BASH,8151
458,K:BMIH,1121
459,K:BAOY,2355
460,K:BARP,8432
461,K:BTRP,8460
462,K:BAUH,0483
463,K:BAWA,1338
464,K:CFOG,1194
465,K:BBMG,2009
466,K:BCGL,0863
467,K:BCIG,8412
468,K:FUTA,0706
469,K:BGHC,8275
470,K:BBJB,8095
471,K:JIHL,1329
472,K:BCL,2868
473,K:BCMI,1858
474,K:BGDG,6188
475,K:JCCI,1250
476,K:BEIJ,0154
477,K:BEUR,3718
478,K:WSIN,2389
479,K:CPPG,6828
480,K:BEJI,0814
481,K:BMED,1000
482,K:BNS,0588
483,K:PEAK,0925
484,K:BTRT,3613
485,K:BUCD,1599
486,K:NORF,2339
487,K:BJCE,0579
488,K:ASRH,1803
489,K:BSMH,1987
490,K:LMHH,1488
491,K:BLGH,8617
492,K:BEMH,2360
493,K:BEST,2111
494,K:BSTW,3358
495,K:BSH,0926
496,K:BEXC,1775
497,K:BGMC,1693
498,K:BHCC,1552
499,K:CCRT,1522
500,K:VASO,8220
501,K:WSGH,2886
502,K:BISG,3316
503,K:BIOS,8247
504,K:GTOP,2309
505,K:RDHL,0888
506,K:EXDH,1372
507,K:HEPT,0364
508,K:BOCM,3329
509,K:VARI,0710
510,K:BPH,1685
511,K:NSHL,1246
512,K:BJNE,1758
513,K:BHCL,1190
514,K:BOLT,8601
515,K:BONJ,0653
516,K:BOIH,1906
517,K:BORT,8118
518,K:BOSA,8140
519,K:BOI,1698
520,K:BOSS,0592
521,K:BYAA,0434
522,K:TDIL,2203
523,K:FIGI,0933
524,K:CTHI,1008
525,K:WAHN,0159
526,K:BSSC,1428
527,K:SEPW,0240
528,K:BURR,0024
529,K:QPAK,1224
530,K:CCHG,1486
531,K:CNHD,8430
532,K:CL1,1463
533,K:CMER,3309
534,K:HIHL,1028
535,K:ANIM,1566
536,K:CAAR,2112
537,K:CFLD,2030
538,K:FITT,2662
539,K:CANV,1381
540,K:CAPI,1075
541,K:HEMB,3989
542,K:YOSH,0193
543,K:MPLG,8239
544,K:CEIF,2324
545,K:CAPX,0469
546,K:CARI,0699
547,K:PRIC,0996
548,K:CRPT,0837
549,K:TAKS,0126
550,K:CAWE,0643
551,K:CGLD,2223
552,K:CASH,0510
553,K:CMAE,1981
554,K:CBKH,8428
555,K:CCID,8235
556,K:DKIN,0138
557,K:CHTC,1202
558,K:CECI,0759
559,K:CNMG,2228
560,K:RGHO,1520
561,K:CHER,1049
562,K:KESS,0959
563,K:CEUH,1959
564,K:CCSC,1375
565,K:NOBL,0475
566,K:WYGE,1735
567,K:CHAI,0139
568,K:CTRT,1155
569,K:CENT,0355
570,K:IWOO,0162
571,K:CHSH,2113
572,K:FORE,0079
573,K:SAGE,1450
574,K:CES,0509
575,K:CBHI,2163
576,K:VBTE,1164
577,K:CGNM,1811
578,K:CUHL,6168
579,K:MNGK,1629
580,K:CHAM,0092
581,K:CMAL,1292
582,K:CDAT,3991
583,K:CCOI,1006
584,K:CHF,1039
585,K:CHHH,2017
586,K:CJIT,1588
587,K:CHAO,0682
588,K:CPH,0951
589,K:CHUP,2289
590,K:CHEN,0057
591,K:CLEG,1593
592,K:CHXI,2286
593,K:CGDU,1785
594,K:CHUK,0131
595,K:CHEV,0025
596,K:CMBE,0954
597,K:CHIH,8423
598,K:CHKH,9913
599,K:CHIZ,3839
600,K:CHIG,0449
601,K:CTG,0976
602,K:KSLH,8170
603,K:CHD,0048
604,K:PRO,0334
605,K:OPTI,0798
606,K:MGHL,1237
607,K:NCYT,8116
608,K:IINI,8128
609,K:CIGY,1719
610,K:CMCR,1503
611,K:KENG,0464
612,K:GASE,0527
613,K:CSIG,8623
614,K:CVIU,6166
615,K:CVTM,0893
616,K:CH21,1598
617,K:CMGL,8087
618,K:CONC,0031
619,K:HKMA,0149
620,K:CALG,1848
621,K:CAHL,0633
622,K:CAIE,2068
623,K:CACH,6898
624,K:KHCL,2011
625,K:CNAF,1572
626,K:WINV,0063
627,K:CAFG,8090
628,K:MAGI,0526
629,K:HUEY,0164
630,K:WMAR,0039
631,K:JETA,0370
632,K:CHB1,3978
633,K:GGRE,0274
634,K:CBST,8255
635,K:LGLF,8037
636,K:CHBC,3983
637,K:CBQW,2377
638,K:CFAF,3318
639,K:JIAN,1069
640,K:CBCG,1859
641,K:PROS,8026
642,K:SHST,8270
643,K:OLAN,0217
644,K:ZZNO,2371
645,K:CCIN,1969
646,K:WHYN,2349
647,K:EEG,8078
648,K:CHDT,1798
649,K:TEMF,0661
650,K:CMED,8120
651,K:CDBF,1606
652,K:KANH,8175
653,K:CDVH,8280
654,K:CHDN,3818
655,K:XDHL,0871
656,K:ELER,0476
657,K:PSTK,8055
658,K:RCGH,0802
659,K:LFAN,8166
660,K:WSAN,0085
661,K:CAST,1185
662,K:HOPO,0228
663,K:CEEC,3996
664,K:NAMH,0986
665,K:YWAY,0646
666,K:BFUN,1130
667,K:PME,0379
668,K:CEBL,1257
669,K:CORA,0875
670,K:KPIC,0605
671,K:PRIN,0721
672,K:CVCT,1269
673,K:SEAB,0506
674,K:FORD,2399
675,K:YSH,0290
676,K:FOTE,0110
677,K:CFUT,8506
678,K:WTIN,1191
679,K:CGEG,1851
680,K:CHGL,3300
681,K:CGCG,8281
682,K:CGRN,0904
683,K:GRFR,6183
684,K:BROA,1253
685,K:CHAJ,0359
686,K:CHNH,3788
687,K:CHAH,3836
688,K:VPHM,8225
689,K:LNCN,0348
690,K:CHPA,0591
691,K:CHSP,0658
692,K:CHH2,8646
693,K:CRHI,1101
694,K:CHFH,1290
695,K:CHUI,1886
696,K:CISI,6058
697,K:XTMS,8178
698,K:DAWA,0600
699,K:SITI,1217
700,K:CHCO,0264
701,K:CTRE,0810
702,K:FMAN,1226
703,K:EVRE,0204
704,K:CINV,0132
705,K:CHTT,1763
706,K:CIHC,1900
707,K:JUHL,1027
708,K:CKMH,1380
709,K:CLIH,1586
710,K:CLIL,1234
711,K:ARTL,0931
712,K:SIJI,1863
713,K:WMHL,1371
714,K:CLTC,2023
715,K:LUME,0067
716,K:CMEC,1829
717,K:MAPZ,1317
718,K:PAGI,0383
719,K:CHMC,0133
720,K:TON,0978
721,K:ULMM,1636
722,K:SINK,0245
723,K:CMDH,1117
724,K:CHIB,0026
725,K:WGHG,0745
726,K:ESIL,8071
727,K:CCCL,1321
728,K:CHKE,2001
729,K:CNT,1278
730,K:CHNF,1258
731,K:CNTC,1011
732,K:TACK,0611
733,K:IAIN,8047
734,K:WONS,0651
735,K:RING,0715
736,K:GOPO,0603
737,K:FAIS,8132
738,K:CHOR,0581
739,K:COI1,1871
740,K:COHL,1146
741,K:CPNH,1736
742,K:CPCT,1532
743,K:CHPG,3348
744,K:CPPH,1345
745,K:BALA,8117
746,K:CPGP,1838
747,K:SPBH,0736
748,K:SUNN,1094
749,K:CPFH,1699
750,K:CHQN,0866
751,K:RAIL,3969
752,K:YIXI,0769
753,K:BMII,8158
754,K:CRGC,1508
755,K:ALBA,0987
756,K:SEAR,0269
757,K:PHGC,1515
758,K:CRZG,3963
759,K:CHRU,1365
760,K:CHSG,0153
761,K:GFG,0910
762,K:CSJ,2198
763,K:CSFC,1676
764,K:SHGG,1432
765,K:CSPG,2877
766,K:CSTH,0750
767,K:CSKL,0974
768,K:CSGL,0815
769,K:TCIN,0515
770,K:CSYN,8073
771,K:STAR,0485
772,K:RDH,1004
773,K:ORCG,8325
774,K:HWAK,0155
775,K:CSCH,1668
776,K:STAE,0326
777,K:CSTC,3838
778,K:CSTR,0235
779,K:HFGH,3623
780,K:SUNP,2002
781,K:CSG,0956
782,K:YATS,3708
783,K:UPI,0674
784,K:WELB,0491
785,K:STEC,8111
786,K:CTL,1600
787,K:CDLH,0557
788,K:CTGD,1427
789,K:CTAI,6162
790,K:CTIN,3398
791,K:CTTS,2188
792,K:WFI,0952
793,K:CTWG,0389
794,K:QIHL,1332
795,K:QSCT,8171
796,K:PPHL,8265
797,K:TWAY,2330
798,K:CHEU,0648
799,K:CWTY,6966
800,K:SKYH,1129
801,K:CWML,3778
802,K:PCTD,1822
803,K:CHOP,1885
804,K:CXED,2779
805,K:CXLX,1866
806,K:CYUT,8230
807,K:CYUR,1068
808,K:CZTA,1728
809,K:CZDC,1492
810,K:CZHG,1333
811,K:CHKP,1123
812,K:CCTH,1678
813,K:HNKO,0673
814,K:IMER,8009
815,K:BYF,8272
816,K:KEL,0681
817,K:STRA,8089
818,K:CHLH,3728
819,K:DECC,0997
820,K:DHAR,0385
821,K:CHIN,0216
822,K:KINW,1556
823,K:DRAN,0632
824,K:DGHG,8537
825,K:LIUB,1111
826,K:CKGP,1609
827,K:CCHL,8207
828,K:CKIS,1053
829,K:CHME,2722
830,K:CRCB,3618
831,K:CHSS,0116
832,K:CHRS,1210
833,K:FONG,0641
834,K:CHKK,1938
835,K:CKS,0560
836,K:CHL,1420
837,K:CHUA,0298
838,K:CHNC,0367
839,K:CILH,0479
840,K:ENRC,3899
841,K:CIVG,1839
842,K:WANF,0445
843,K:HNTE,0111
844,K:TEYE,8051
845,K:CIRH,1433
846,K:CDAH,1091
847,K:SEAW,1205
848,K:CEVE,0256
849,K:CLGH,8098
850,K:CLSS,8232
851,K:CLMD,0100
852,K:CLFF,3686
853,K:KVBK,6877
854,K:HFG,1141
855,K:CMTG,0302
856,K:GFLX,0471
857,K:CMON,1792
858,K:TYPH,8356
859,K:UMTL,2302
860,K:SHLD,1240
861,K:CNTG,0701
862,K:CRG,1124
863,K:COGB,0400
864,K:CLLS,1778
865,K:COMB,2342
866,K:GSFT,8190
867,K:COME,0794
868,K:COMP,0046
869,K:COMG,0320
870,K:COMT,0712
871,K:NPH,0182
872,K:COIH,1967
873,K:CNPG,1681
874,K:CONL,1912
875,K:CONH,0513
876,K:CREA,0831
877,K:CFSH,1019
878,K:CLHT,8491
879,K:CWTL,2369
880,K:EARN,0339
881,K:FMNT,8112
882,K:SHIN,0517
883,K:COSL,1043
884,K:CLCH,2298
885,K:CPRO,0120
886,K:COSO,0118
887,K:CEHI,1415
888,K:CPMG,1932
889,K:CPMC,0906
890,K:CCGH,1582
891,K:CRXX,1786
892,K:CCEL,8368
893,K:CREH,3992
894,K:CROC,0122
895,K:CHAR,0032
896,K:CRSS,3893
897,K:KIME,0727
898,K:CRYI,2232
899,K:OCEA,0497
900,K:CSMG,1815
901,K:CHKS,3877
902,K:CHST,0985
903,K:FELG,0830
904,K:CTEN,1363
905,K:WWWC,0994
906,K:CTEH,1620
907,K:CTII,0308
908,K:CTRH,1416
909,K:JADE,0343
910,K:CWGH,1322
911,K:SANT,0521
912,K:SHLG,1020
913,K:DGTE,1301
914,K:DMIH,1090
915,K:DSEN,1580
916,K:CHAG,1073
917,K:DCHN,3999
918,K:DADI,8417
919,K:MILK,8130
920,K:DAPG,6111
921,K:GMLC,8310
922,K:DAHF,0440
923,K:DCON,0544
924,K:SUWA,0567
925,K:DPCC,2880
926,K:DALH,1921
927,K:LINM,0915
928,K:PRIS,0210
929,K:DAEH,9986
930,K:DTNE,1272
931,K:DATR,0889
932,K:DWNP,2348
933,K:DBAT,3335
934,K:DCBH,8040
935,K:DENX,1452
936,K:DESC,1545
937,K:DCIH,8268
938,K:DES,0262
939,K:FTHD,0559
940,K:DEXC,2019
941,K:BPOW,0991
942,K:DICK,0113
943,K:DFFG,6878
944,K:MANS,0547
945,K:DIGI,2022
946,K:CVMI,0705
947,K:COAI,0508
948,K:DRHL,8337
949,K:BLUX,0726
950,K:SEHL,1709
951,K:DLCA,8210
952,K:DGCL,1702
953,K:SDEN,0895
954,K:DCIL,0695
955,K:DNGY,0189
956,K:DOUM,1917
957,K:DOWW,8403
958,K:HKCM,0668
959,K:DCGH,0935
960,K:DKGP,8493
961,K:DRAM,1712
962,K:6829,6829
963,K:DREA,1126
964,K:ULTR,0593
965,K:ICUT,0356
966,K:UDLH,0620
967,K:DUIG,1753
968,K:DYNG,1330
969,K:DJHC,6889
970,K:DYNA,0029
971,K:DFWG,0828
972,K:EBON,0599
973,K:ELIG,8222
974,K:WIC,1733
975,K:MHC,0936
976,K:EGNC,2368
977,K:RADF,0901
978,K:EIHL,6128
979,K:LERO,0221
980,K:RBOW,8079
981,K:EASY,1218
982,K:EBRK,8036
983,K:EIHG,8218
984,K:ECIT,8013
985,K:ECOT,8169
986,K:ECOG,2341
987,K:EDEH,1147
988,K:EDIC,8450
989,K:DVNC,1410
990,K:EDGH,0382
991,K:KHLD,3709
992,K:EFTS,8062
993,K:EGG,8609
994,K:EGLH,6882
995,K:JMHL,8101
996,K:SEAU,0076
997,K:ELEP,8391
998,K:ELEG,0907
999,K:KENF,0223
1000,K:ELLE,1395
1001,K:EMBR,1388
1002,K:ACME,0616
1003,K:ECGL,0717
1004,K:EMPI,0296
1005,K:EMPR,0163
1006,K:EMPW,0887
1007,K:JLEY,0353
1008,K:ESST,0128
1009,K:TAII,1808
1010,K:SYSS,1102
1011,K:WALL,0689
1012,K:EPGR,1884
1013,K:ERNT,1856
1014,K:ESPR,0330
1015,K:ESSX,1061
1016,K:GLYN,0571
1017,K:OCSH,0764
1018,K:ETER,1725
1019,K:ETSG,8031
1020,K:EIEC,1846
1021,K:EVAP,0838
1022,K:EHGH,1549
1023,K:ERGH,3616
1024,K:EVRB,3699
1025,K:GAME,0202
1026,K:EIH,0238
1027,K:EPGL,1962
1028,K:ARGO,8022
1029,K:SZEV,2308
1030,K:EXCA,8350
1031,K:ESHL,8319
1032,K:EXPH,0858
1033,K:FENT,8347
1034,K:FAIR,0052
1035,K:FAMH,8603
1036,K:FANT,1777
1037,K:FARC,0035
1038,K:ATVH,0036
1039,K:FAHE,0037
1040,K:M21T,8153
1041,K:INNO,0729
1042,K:CHII,0378
1043,K:FSAT,1738
1044,K:FEIG,1901
1045,K:FEIY,1022
1046,K:FOXC,2038
1047,K:FISP,1502
1048,K:LAND,9978
1049,K:FINE,8317
1050,K:FING,6860
1051,K:FINC,8018
1052,K:FOCK,1909
1053,K:FCHL,8215
1054,K:PUBL,0227
1055,K:FTH,0038
1056,K:FFSH,8030
1057,K:FLYK,1998
1058,K:GAYE,8179
1059,K:FGHL,0484
1060,K:FSUN,0352
1061,K:FFIC,2528
1062,K:FNHK,0418
1063,K:FSET,0420
1064,K:FOUS,0374
1065,K:TFHM,0279
1066,K:FRRT,6888
1067,K:FUJI,1175
1068,K:FRIE,6820
1069,K:FROH,1521
1070,K:CAPE,0500
1071,K:FSEE,0331
1072,K:FSMH,1721
1073,K:FSFH,2263
1074,K:FUFE,0546
1075,K:KAIM,0181
1076,K:FJQI,1353
1077,K:FUIN,0927
1078,K:WARD,0607
1079,K:URGT,0627
1080,K:FUCH,1034
1081,K:FULM,1443
1082,K:FNWH,8480
1083,K:FUSE,1652
1084,K:FTON,0465
1085,K:SURG,0703
1086,K:FUTU,2212
1087,K:FDGL,8229
1088,K:SPRD,0572
1089,K:FYFN,8452
1090,K:GMHS,6038
1091,K:RICH,1051
1092,K:CCCH,0657
1093,K:GAHL,8126
1094,K:GAIN,9900
1095,K:GOME,8282
1096,K:GCPG,6968
1097,K:MEGG,0261
1098,K:SAME,0451
1099,K:GCLP,3800
1100,K:GMLG,6163
1101,K:KEES,0174
1102,K:UMFT,2666
1103,K:GTGC,8257
1104,K:STC,0678
1105,K:GHDG,1707
1106,K:INWD,8100
1107,K:GNFL,1469
1108,K:GNIC,0064
1109,K:GHWI,9933
1110,K:GIOR,0709
1111,K:GBIO,0809
1112,K:GBGH,0787
1113,K:GDC,8271
1114,K:GICG,1669
1115,K:GLNK,8060
1116,K:HAYW,0905
1117,K:TRGO,8063
1118,K:DIHK,8007
1119,K:GSWE,3889
1120,K:AGL,8192
1121,K:GPHL,0845
1122,K:GLOR,0393
1123,K:GLOZ,8059
1124,K:GLMK,8159
1125,K:SNCM,0299
1126,K:GMEG,8188
1127,K:HYIL,1396
1128,K:GNAN,3399
1129,K:GFHL,1854
1130,K:GRLH,1529
1131,K:GDPK,0040
1132,K:NGAC,1462
1133,K:ISLD,0172
1134,K:TAKW,0091
1135,K:GFGH,2863
1136,K:GMED,0801
1137,K:GOPH,1783
1138,K:GPGH,3919
1139,K:GDEV,0677
1140,K:GSHI,2123
1141,K:GTHG,6896
1142,K:GWTH,1232
1143,K:LION,0533
1144,K:GPGL,3315
1145,K:INEL,1328
1146,K:GLDW,8160
1147,K:DAHB,1118
1148,K:TEEM,0628
1149,K:GAEN,8143
1150,K:GTIN,2398
1151,K:QTEC,0109
1152,K:GBIH,1086
1153,K:BLDM,0108
1154,K:GRAC,8146
1155,K:BAGL,1293
1156,K:GBRL,8372
1157,K:COIL,0115
1158,K:GMGH,1271
1159,K:ATT,0065
1160,K:GMES,8108
1161,K:ESPC,8299
1162,K:GTGH,8516
1163,K:SHSL,1647
1164,K:GRCB,1551
1165,K:BEAU,0021
1166,K:GRH,3683
1167,K:SWIL,0524
1168,K:SCMP,0583
1169,K:GWHL,8196
1170,K:TSCO,8003
1171,K:ANA,1189
1172,K:PAMF,0431
1173,K:GCIH,0844
1174,K:GVAP,0468
1175,K:KINZ,8315
1176,K:OLS,0979
1177,K:SUGH,2700
1178,K:TVEN,0061
1179,K:TOME,0094
1180,K:SPGL,0337
1181,K:VITR,0195
1182,K:GRMH,9979
1183,K:CPML,2133
1184,K:GFFH,1084
1185,K:CMT,0989
1186,K:GUGI,1842
1187,K:POLY,0263
1188,K:GTCG,8402
1189,K:ADDC,3344
1190,K:GUCH,1872
1191,K:GDWY,6189
1192,K:GJSF,1543
1193,K:GNGD,3689
1194,K:GUA,0124
1195,K:GNTN,1058
1196,K:GUAG,1203
1197,K:GHEN,0525
1198,K:GDOU,8308
1199,K:GLTH,0143
1200,K:GTEG,1296
1201,K:GLSC,1456
1202,K:GUOY,2329
1203,K:GURU,8121
1204,K:HHCH,2255
1205,K:HLAN,2278
1206,K:SLNK,2336
1207,K:HIEI,1645
1208,K:HHIL,1659
1209,K:HAFH,1920
1210,K:HCHL,8405
1211,K:FGG,1682
1212,K:HSA,3626
1213,K:CTEC,8081
1214,K:HAYH,1894
1215,K:FEIS,8331
1216,K:HHNH,3903
1217,K:HANI,0896
1218,K:LMH,0554
1219,K:HANV,8219
1220,K:HAOB,8431
1221,K:WINB,0474
1222,K:CLHL,1341
1223,K:EBPH,8019
1224,K:HABL,6138
1225,K:HARP,1133
1226,K:HARB,0051
1227,K:HARM,1509
1228,K:HUIL,1905
1229,K:HCI,2280
1230,K:HTHK,0215
1231,K:HEBE,1727
1232,K:HBEY,1596
1233,K:HJEH,6885
1234,K:HENI,0097
1235,K:HEHH,1891
1236,K:HETA,0197
1237,K:XHEN,3389
1238,K:HNGG,1476
1239,K:HXNT,1085
1240,K:HGHC,2303
1241,K:HERD,0114
1242,K:HESG,6093
1243,K:HILV,8113
1244,K:GBI,0818
1245,K:HIDI,1393
1246,K:KTLH,0442
1247,K:HFIN,0608
1248,K:HHLI,1623
1249,K:HISA,6893
1250,K:HING,0396
1251,K:HGMG,8425
1252,K:HINH,1968
1253,K:IONE,0982
1254,K:HKAH,1723
1255,K:KUMA,0190
1256,K:HKC,0248
1257,K:HKEE,1726
1258,K:HKRI,0480
1259,K:HMIT,8416
1260,K:SYTE,8103
1261,K:ACS,2086
1262,K:HLFT,3678
1263,K:HOCI,1747
1264,K:HOIT,3798
1265,K:HON,8259
1266,K:HONK,0160
1267,K:JESS,8137
1268,K:BDLN,0145
1269,K:SAMW,2322
1270,K:HKCB,0655
1271,K:HECO,0423
1272,K:MEGL,1082
1273,K:HYFE,0050
1274,K:HKFG,1273
1275,K:KATH,0007
1276,K:YOAH,0060
1277,K:HKJH,1955
1278,K:NCMD,8085
1279,K:OGC,2882
1280,K:VANS,1001
1281,K:HWHD,8191
1282,K:HGLT,6908
1283,K:HGHG,0196
1284,K:HOLV,9906
1285,K:HMGF,6858
1286,K:HWLD,2226
1287,K:HPFG,2320
1288,K:HOIL,0047
1289,K:LCGH,1683
1290,K:HPFT,0733
1291,K:HSPL,3869
1292,K:HPCH,1742
1293,K:HHBP,0587
1294,K:HULI,0969
1295,K:HUAM,2552
1296,K:GTHL,3638
1297,K:HUI,0816
1298,K:SHPO,1071
1299,K:HUIH,2738
1300,K:NISL,0377
1301,K:HUBH,8622
1302,K:HUUG,1756
1303,K:ROCK,1003
1304,K:HGGH,2296
1305,K:SIMS,0993
1306,K:CHUY,2277
1307,K:NGHL,1323
1308,K:HHCC,1689
1309,K:UAPP,0419
1310,K:HEWX,1823
1311,K:HTHL,1673
1312,K:HHCL,6830
1313,K:HUIF,1806
1314,K:HULL,1303
1315,K:HBCL,3698
1316,K:HIHZ,1340
1317,K:VTOP,1178
1318,K:HHHL,1419
1319,K:HFTG,1446
1320,K:HUNG,0450
1321,K:PNTR,1611
1322,K:FRAN,0704
1323,K:WHIM,1188
1324,K:HYFU,8512
1325,K:HYGG,1650
1326,K:HYPL,0150
1327,K:ICEN,8507
1328,K:ICON,1402
1329,K:ICAB,1097
1330,K:IAGH,8513
1331,K:IBGH,1547
1332,K:IBOT,2708
1333,K:ICIC,8429
1334,K:ICOG,1460
1335,K:ICCG,8500
1336,K:SHCH,0650
1337,K:IDRT,1119
1338,K:IDTI,0167
1339,K:BOTO,0585
1340,K:IMXC,1970
1341,K:IMMB,6978
1342,K:FNAT,1076
1343,K:JFHF,0776
1344,K:IMPI,1286
1345,K:IMSG,8136
1346,K:INCO,1500
1347,K:INDI,8373
1348,K:ICHC,0640
1349,K:ILTV,1442
1350,K:INKE,3700
1351,K:IMEE,1649
1352,K:ITEC,8202
1353,K:FEPT,0399
1354,K:INNX,2680
1355,K:LCHA,0596
1356,K:FOOK,0923
1357,K:INGH,6819
1358,K:HKCY,1009
1359,K:IHRC,1373
1360,K:INAF,1563
1361,K:HKDN,0147
1362,K:INTO,1760
1363,K:HLTG,1087
1364,K:IPE,0929
1365,K:MCHI,8186
1366,K:IRC,1029
1367,K:IRIC,0438
1368,K:ISPG,8487
1369,K:ITLD,0999
1370,K:CHET,0199
1371,K:ITE,8092
1372,K:ITPH,8446
1373,K:IVMH,1931
1374,K:IWGH,8441
1375,K:JCBS,2633
1376,K:JNCO,8035
1377,K:JBBI,1903
1378,K:JETE,8133
1379,K:JHET,1935
1380,K:JIAG,8519
1381,K:JYJY,1626
1382,K:JIHG,1937
1383,K:JSHH,0602
1384,K:JEPS,8165
1385,K:FSTM,0865
1386,K:JGLD,1366
1387,K:JSIN,2116
1388,K:JNAN,8045
1389,K:JXBH,1916
1390,K:JICD,0589
1391,K:JIAS,1285
1392,K:JIGG,9908
1393,K:JCHA,8049
1394,K:JJCB,6122
1395,K:JPCH,1853
1396,K:ESM,8187
1397,K:JGRI,1862
1398,K:KKKG,2225
1399,K:JINH,0137
1400,K:JINB,2558
1401,K:SHAC,2728
1402,K:MITS,2358
1403,K:JZDI,1961
1404,K:JIYI,1495
1405,K:JLO,8527
1406,K:JNBY,3306
1407,K:JOLI,2028
1408,K:MINR,0207
1409,K:JTFI,8479
1410,K:JUTE,3336
1411,K:JUJI,1459
1412,K:JUAH,1425
1413,K:JUTA,3303
1414,K:JYGH,2231
1415,K:KGHS,8475
1416,K:KWNL,8411
1417,K:KPIN,0675
1418,K:KCIH,2108
1419,K:KSHU,0822
1420,K:KADH,0180
1421,K:WAHL,1215
1422,K:WINE,0876
1423,K:KAPH,2168
1424,K:ULTG,8203
1425,K:KAMH,2307
1426,K:KIEC,6136
1427,K:KAIH,6890
1428,K:KANT,1059
1429,K:KARI,1050
1430,K:KASN,0496
1431,K:KHKH,2189
1432,K:KECS,0184
1433,K:KEEN,8070
1434,K:KELH,1134
1435,K:MDEN,0009
1436,K:KFMK,3816
1437,K:KHGH,1557
1438,K:KHOO,0924
1439,K:KDLO,3830
1440,K:KIHT,2122
1441,K:KIDH,6918
1442,K:KIEH,6805
1443,K:KINP,1722
1444,K:KSHG,1630
1445,K:KYH,0638
1446,K:KNRG,3302
1447,K:KMEL,1277
1448,K:KINE,8606
1449,K:KING,0280
1450,K:SWAN,0663
1451,K:KNGF,6822
1452,K:ARTY,1421
1453,K:KDOM,0528
1454,K:UKFH,1468
1455,K:SNGO,1751
1456,K:KIFO,1170
1457,K:SITR,1195
1458,K:KWMG,1110
1459,K:KIN2,9939
1460,K:CREN,8109
1461,K:KIUH,0381
1462,K:PAND,0550
1463,K:KMLT,8065
1464,K:KNKH,8039
1465,K:KNTH,1025
1466,K:KOYO,0827
1467,K:SONA,8226
1468,K:PEAC,0295
1469,K:KOIH,8042
1470,K:KPAB,2663
1471,K:KPMH,8027
1472,K:CLMX,0439
1473,K:DCWT,3768
1474,K:KWAN,1559
1475,K:KWYH,9998
1476,K:KWMK,8023
1477,K:KWOO,0306
1478,K:KWSH,1925
1479,K:LAIZ,8195
1480,K:CLFB,1262
1481,K:LFH,1125
1482,K:LAIG,8455
1483,K:LASI,2266
1484,K:LAID,0488
1485,K:LAIS,0191
1486,K:SADE,8172
1487,K:LAMS,0411
1488,K:TAFU,1041
1489,K:GFCH,0582
1490,K:CRSD,0106
1491,K:LHIL,1270
1492,K:LPHL,0503
1493,K:LZPC,1533
1494,K:LKEL,1690
1495,K:LCHL,8472
1496,K:ETRN,8351
1497,K:LAUN,2488
1498,K:LESA,0738
1499,K:LEAE,1449
1500,K:LEEM,0746
1501,K:LEHD,0068
1502,K:LEEK,0637
1503,K:LEEP,0950
1504,K:LPRT,0387
1505,K:LEFP,1540
1506,K:LSIT,1355
1507,K:LITL,0842
1508,K:LERA,1225
1509,K:CHIC,0112
1510,K:LEVS,1346
1511,K:LFIH,3938
1512,K:LH,1978
1513,K:LBGG,1869
1514,K:LHS,0980
1515,K:DING,8056
1516,K:TFAT,0928
1517,K:LCGL,2136
1518,K:KONZ,8267
1519,K:LYHG,0784
1520,K:LING,3330
1521,K:LINK,8237
1522,K:TEIH,1143
1523,K:LCHD,8383
1524,K:PRIL,1127
1525,K:LIPP,0226
1526,K:HKCH,0156
1527,K:LIPH,9958
1528,K:LICH,0194
1529,K:LKTH,0558
1530,K:LKSH,1867
1531,K:LOCO,8162
1532,K:WSCM,0850
1533,K:GDH,1007
1534,K:KSCH,1281
1535,K:LFAR,2898
1536,K:WAFE,8198
1537,K:LOHH,6063
1538,K:LTHA,0311
1539,K:LUWO,8217
1540,K:LKHN,8052
1541,K:LUKS,0366
1542,K:LUMG,1162
1543,K:LUNG,0255
1544,K:IHTG,8041
1545,K:TIMY,1327
1546,K:LUZH,1461
1547,K:LCCB,1983
1548,K:LXNG,2281
1549,K:LVTH,1745
1550,K:MALH,8152
1551,K:MABP,2181
1552,K:MLDL,1680
1553,K:HUD,0758
1554,K:MWHL,8057
1555,K:MAGE,0201
1556,K:MIDA,1172
1557,K:MTIH,1553
1558,K:MLHW,1100
1559,K:MJHL,1389
1560,K:MANK,2193
1561,K:MSI,0938
1562,K:MHNG,8309
1563,K:MANG,1746
1564,K:MANY,0894
1565,K:MAGC,2180
1566,K:MNSI,8456
1567,K:MAOY,0848
1568,K:FIRS,0273
1569,K:MAGN,0275
1570,K:MATR,1005
1571,K:MXSY,8483
1572,K:MAXH,8216
1573,K:DAIW,1037
1574,K:MAYR,1116
1575,K:MBVI,1957
1576,K:MECO,1183
1577,K:ROJA,8075
1578,K:MPAO,0685
1579,K:MEGS,2230
1580,K:MDCK,8307
1581,K:MGL,8161
1582,K:MEIA,0391
1583,K:MEIG,8349
1584,K:JIWA,2327
1585,K:MEIT,1357
1586,K:MELE,0158
1587,K:TEAS,8163
1588,K:MECH,8621
1589,K:ASEN,0022
1590,K:MMMH,8473
1591,K:MCRE,1985
1592,K:MIDL,1200
1593,K:EVI,0459
1594,K:MIEH,1555
1595,K:MIJI,1715
1596,K:MKIL,1247
1597,K:MSHL,1150
1598,K:MLTN,1667
1599,K:MILL,8147
1600,K:MICH,2892
1601,K:MHIH,1897
1602,K:ODEL,8093
1603,K:MIXN,0222
1604,K:MIN1,8611
1605,K:MNGI,3828
1606,K:INVS,1106
1607,K:MNGF,0846
1608,K:ONFE,0230
1609,K:FDWS,1632
1610,K:MNSH,1569
1611,K:MIRH,0071
1612,K:MRCR,1827
1613,K:MOBD,0947
1614,K:MOBI,1213
1615,K:CPHD,1439
1616,K:MOBV,1860
1617,K:MDGL,3600
1618,K:MOBS,0919
1619,K:MLCI,1107
1620,K:MODE,8426
1621,K:MMHL,0072
1622,K:MOGH,1942
1623,K:MOIS,0130
1624,K:FORL,1152
1625,K:PAPR,0276
1626,K:MOM,0975
1627,K:WTHL,1400
1628,K:MRRS,1575
1629,K:MOHG,1653
1630,K:MKCG,1716
1631,K:MSCO,8447
1632,K:MSGH,1451
1633,K:MUGH,1817
1634,K:MULF,0898
1635,K:BDBR,8297
1636,K:NHL,1982
1637,K:TEAM,0680
1638,K:ARTF,1229
1639,K:NNFG,1617
1640,K:NJST,1708
1641,K:NSUT,3332
1642,K:NANY,0212
1643,K:NARK,8607
1644,K:VTEX,8228
1645,K:NEHL,0213
1646,K:FASC,1227
1647,K:LIFA,0254
1648,K:NBBT,0157
1649,K:LINH,0462
1650,K:NFIH,1837
1651,K:CFHC,2083
1652,K:B&S,8167
1653,K:NEON,1868
1654,K:NTEL,8256
1655,K:MULT,0234
1656,K:NCHC,1518
1657,K:NCRE,1275
1658,K:RHIN,0456
1659,K:NCHL,2221
1660,K:NFOC,0360
1661,K:BEP,2326
1662,K:NRMI,6108
1663,K:RJPH,0472
1664,K:PCHA,0166
1665,K:SMDI,0436
1666,K:MTHL,8242
1667,K:NWDS,0825
1668,K:CHUN,0055
1669,K:NEWT,9911
1670,K:KOSO,0342
1671,K:NERT,1231
1672,K:NXNT,8420
1673,K:PARA,0282
1674,K:NGAH,1047
1675,K:NNCH,8490
1676,K:GRAN,0186
1677,K:NIRA,1245
1678,K:NNKG,3773
1679,K:NEGH,8445
1680,K:NOTH,8645
1681,K:NONS,9633
1682,K:ISTE,8080
1683,K:MKIC,0433
1684,K:MEHL,1360
1685,K:NOTG,8635
1686,K:NVCL,2222
1687,K:ONCG,0877
1688,K:OCEL,8502
1689,K:OCHC,8476
1690,K:GDRA,0329
1691,K:OWPC,1319
1692,K:LEPH,1499
1693,K:OKRA,1655
1694,K:OMHL,8462
1695,K:ORIH,8245
1696,K:OMG,0426
1697,K:ONEF,1933
1698,K:OOHL,8091
1699,K:OPAG,8418
1700,K:ORTC,8627
1701,K:GHAR,1132
1702,K:OSID,8001
1703,K:SCHI,0265
1704,K:LINF,0430
1705,K:OPGH,8613
1706,K:ORIP,0018
1707,K:ARTZ,8067
1708,K:ORWA,0398
1709,K:RIGH,0622
1710,K:OURG,6899
1711,K:HALI,3366
1712,K:OZNE,2014
1713,K:PSPS,0574
1714,K:PBSH,2343
1715,K:CPBM,0432
1716,K:PACL,8547
1717,K:PMPG,1820
1718,K:PACO,0543
1719,K:PTHL,1382
1720,K:WINW,1010
1721,K:PFYI,0239
1722,K:PATA,2668
1723,K:PAKW,8316
1724,K:PALH,1703
1725,K:PALA,0495
1726,K:PALD,0617
1727,K:MACF,1561
1728,K:PANA,0556
1729,K:PHCL,2078
1730,K:GAYG,0686
1731,K:YIP,1180
1732,K:PARK,3368
1733,K:PGTL,0327
1734,K:PCPA,1263
1735,K:PEGA,0676
1736,K:PEIH,2885
1737,K:MITH,0618
1738,K:PENT,1665
1739,K:PEEH,2798
1740,K:PERE,0725
1741,K:PERI,3326
1742,K:PRFT,8311
1743,K:PSHL,1830
1744,K:PFIH,0765
1745,K:PRST,3395
1746,K:PETK,2178
1747,K:PFGH,8221
1748,K:PFCD,8231
1749,K:CLIN,8066
1750,K:PHOX,2008
1751,K:PICO,0752
1752,K:PINC,1989
1753,K:PINE,1079
1754,K:PINO,0804
1755,K:FARY,0231
1756,K:PION,0224
1757,K:PIEH,1865
1758,K:A&K,8053
1759,K:YUGA,0613
1760,K:PLNI,1949
1761,K:PLTO,0635
1762,K:PLAY,0869
1763,K:PLVR,1523
1764,K:POKF,0225
1765,K:PPCT,3636
1766,K:CMAR,0119
1767,K:KSTR,8011
1768,K:PLYF,8532
1769,K:KIND,0208
1770,K:RECO,0397
1771,K:PWLD,8236
1772,K:PPIH,8201
1773,K:PDTH,1861
1774,K:PTCC,1651
1775,K:PRNS,8379
1776,K:PRI1,1809
1777,K:PRTH,1581
1778,K:PCHL,6816
1779,K:TTIH,1470
1780,K:SCII,0310
1781,K:REIT,0808
1782,K:PFIT,1259
1783,K:PROI,1731
1784,K:PRPR,8385
1785,K:PRSP,0803
1786,K:HOIS,0372
1787,K:JCGH,0626
1788,K:PUIG,2060
1789,K:PURA,1498
1790,K:PCNG,1720
1791,K:AMBR,0090
1792,K:PWTM,1358
1793,K:PAUL,0498
1794,K:QPGH,1412
1795,K:QEEK,1739
1796,K:HFGN,0911
1797,K:HHAH,1280
1798,K:QILU,1576
1799,K:PLOT,0499
1800,K:QPIC,6198
1801,K:QING,1122
1802,K:QINH,3369
1803,K:QFGC,1583
1804,K:QPLI,0243
1805,K:QSHL,1348
1806,K:FLEX,8050
1807,K:QHMC,1577
1808,K:GRSE,0601
1809,K:RAFI,1376
1810,K:RAYM,0229
1811,K:RNHL,8471
1812,K:RUIN,2010
1813,K:CHEO,1196
1814,K:REDS,1528
1815,K:REDP,1996
1816,K:RESG,1971
1817,K:REFH,1631
1818,K:REGH,0078
1819,K:REGL,1881
1820,K:REG,0575
1821,K:RMIL,2199
1822,K:ANEX,0723
1823,K:REMG,1750
1824,K:TSRH,2323
1825,K:RENE,3628
1826,K:RHRT,6919
1827,K:FFIT,0885
1828,K:REPH,8357
1829,K:OSKA,0555
1830,K:SHC1,1741
1831,K:MDAR,0070
1832,K:DICO,0313
1833,K:RICI,1526
1834,K:RIGG,1953
1835,K:RCGS,1679
1836,K:RITG,1936
1837,K:RIVA,0281
1838,K:RCHH,1417
1839,K:RIPJ,6117
1840,K:RMHH,8437
1841,K:RDKI,1098
1842,K:RGLD,8072
1843,K:DRAG,0578
1844,K:RYCA,8300
1845,K:KATE,8125
1846,K:RYDX,3789
1847,K:CHIT,1198
1848,K:RREE,0625
1849,K:RUMG,1640
1850,K:RUPG,2025
1851,K:MISE,0724
1852,K:SUND,2288
1853,K:SALG,1832
1854,K:SNPH,1695
1855,K:STH,3928
1856,K:SCIH,1255
1857,K:SASA,0178
1858,K:SAFE,0237
1859,K:SAWO,3822
1860,K:SAMH,0531
1861,K:SAMS,0731
1862,K:SANM,0236
1863,K:NUYI,1889
1864,K:SANB,8501
1865,K:SAND,0482
1866,K:SHHI,1472
1867,K:LPDL,2183
1868,K:SFCG,0301
1869,K:SASD,1184
1870,K:SHDG,8392
1871,K:SSAN,8200
1872,K:SCUD,1399
1873,K:SDMG,8363
1874,K:SEAH,0251
1875,K:FSTH,8150
1876,K:PROD,0205
1877,K:SEMH,9929
1878,K:SFKH,1447
1879,K:HANB,1367
1880,K:SGGH,1657
1881,K:SHGP,1637
1882,K:NWI,8258
1883,K:SHFU,1385
1884,K:SFZB,1349
1885,K:SRCA,1835
1886,K:SHAF,9977
1887,K:SHAN,1697
1888,K:SDML,0568
1889,K:SHDO,1103
1890,K:SDAF,2718
1891,K:SGEG,1525
1892,K:SHBT,6826
1893,K:SHHB,2696
1894,K:VINC,0563
1895,K:JWHB,8205
1896,K:SJIN,2006
1897,K:SHJB,1877
1898,K:SKMI,1501
1899,K:LACH,6116
1900,K:SPRI,2345
1901,K:SQFF,8115
1902,K:FSTI,0755
1903,K:SHAB,1749
1904,K:CCOE,8286
1905,K:MEI,0953
1906,K:STHL,1335
1907,K:SHYU,8377
1908,K:SYCL,6069
1909,K:MAE,0851
1910,K:ZHLA,8106
1911,K:ONGP,1080
1912,K:SLSL,8481
1913,K:SHHG,0829
1914,K:HK6,8206
1915,K:SHGI,0218
1916,K:SPU,0747
1917,K:SMAH,8301
1918,K:SNEP,8329
1919,K:SHMH,8523
1920,K:SHYE,1633
1921,K:KSUP,8181
1922,K:SFHL,1831
1923,K:SALA,1930
1924,K:SHI1,1587
1925,K:SDSH,0312
1926,K:HOWL,0737
1927,K:EAST,0103
1928,K:KINV,0730
1929,K:SHHY,1706
1930,K:SHHL,1241
1931,K:SHUI,0272
1932,K:SHHO,0253
1933,K:SHUN,0219
1934,K:SHTE,0242
1935,K:SHNW,1591
1936,K:SPIL,1165
1937,K:RMGH,0932
1938,K:RNTX,1142
1939,K:SEID,1713
1940,K:SLJS,2606
1941,K:SIC,0107
1942,K:SPH,0460
1943,K:PLSM,8250
1944,K:PEA,0988
1945,K:SILB,0886
1946,K:SILG,0171
1947,K:SIT1,1943
1948,K:SIMT,2000
1949,K:SMLY,8367
1950,K:SINC,0244
1951,K:SINW,0444
1952,K:SIPH,6833
1953,K:SLS,8076
1954,K:PERF,1105
1955,K:SICO,0716
1956,K:SIFH,8496
1957,K:SING,8293
1958,K:AGHL,1096
1959,K:SGH1,1759
1960,K:SGOF,0361
1961,K:SHPG,1663
1962,K:SINH,1221
1963,K:SUET,0365
1964,K:PNF,0702
1965,K:SPRO,0766
1966,K:HKCO,8006
1967,K:EPRO,8086
1968,K:SETH,6933
1969,K:SSTX,0250
1970,K:SNLG,8296
1971,K:WATK,0297
1972,K:STKM,8123
1973,K:SINL,1168
1974,K:SINB,3681
1975,K:SMAX,1418
1976,K:SINM,0623
1977,K:SPEG,2386
1978,K:SIKA,0934
1979,K:BEE,8156
1980,K:STGI,1297
1981,K:STRN,0598
1982,K:SIHI,0529
1983,K:SISM,1362
1984,K:SMOR,1696
1985,K:SGHL,1023
1986,K:SKTG,8427
1987,K:GRCH,0141
1988,K:SKYL,3882
1989,K:ANKO,0059
1990,K:SKYD,0751
1991,K:SLGH,8285
1992,K:SMGL,8485
1993,K:SMRT,2166
1994,K:AZIR,0395
1995,K:SMAR,0315
1996,K:2381,2381
1997,K:QJYM,2366
1998,K:LUCK,0198
1999,K:SMHL,2239
2000,K:SNAE,1843
2001,K:SHOC,0983
2002,K:WTBK,0380
2003,K:SOLR,0757
2004,K:SOLA,1166
2005,K:SOLI,2227
2006,K:SOLO,2878
2007,K:SMRY,8439
2008,K:SGL,0967
2009,K:SNDW,0878
2010,K:CPUB,8155
2011,K:SCHB,0619
2012,K:SCIN,0413
2013,K:CAMP,0577
2014,K:SEAP,0252
2015,K:CUGL,1573
2016,K:TANR,0812
2017,K:SGPH,2448
2018,K:GFC,0970
2019,K:SPEE,3860
2020,K:SGHG,0540
2021,K:SREI,1426
2022,K:SPR1,1401
2023,K:SPTE,1251
2024,K:TROC,1207
2025,K:STIN,8521
2026,K:STPR,1560
2027,K:ARMT,8213
2028,K:KARC,1159
2029,K:STRL,0403
2030,K:SLVH,1616
2031,K:TAK,0918
2032,K:SOCL,8277
2033,K:FDBH,1826
2034,K:STLI,1836
2035,K:STEL,0084
2036,K:STGH,1825
2037,K:STEV,2262
2038,K:SIGP,8401
2039,K:STPC,0852
2040,K:STYL,0211
2041,K:IDEA,1182
2042,K:SUMC,0487
2043,K:SGCL,1430
2044,K:SUGA,0912
2045,K:TIFR,0756
2046,K:ARNH,0102
2047,K:SCCD,1781
2048,K:INFO,8082
2049,K:SUNH,1975
2050,K:SHVG,0125
2051,K:SHCO,0086
2052,K:LPLI,8029
2053,K:SUKH,8631
2054,K:SKP,0580
2055,K:HONG,1383
2056,K:HBIN,1063
2057,K:SUDR,1568
2058,K:SFFG,1771
2059,K:SUNS,8451
2060,K:SUNR,0435
2061,K:SUTH,1950
2062,K:SUEG,8616
2063,K:SSSH,2608
2064,K:SS0L,2012
2065,K:SWKC,0188
2066,K:SWAY,0058
2067,K:SUOH,3680
2068,K:SSHL,8262
2069,K:ALLP,0176
2070,K:SUG1,0368
2071,K:BLU,8176
2072,K:SYMP,1223
2073,K:SYG,2340
2074,K:SYGR,1539
2075,K:SYCC,1613
2076,K:TAYA,1991
2077,K:TCPC,0088
2078,K:THGH,6811
2079,K:TAIK,8321
2080,K:TPIN,0146
2081,K:TSLD,0089
2082,K:LUEN,0718
2083,K:TTCH,6193
2084,K:TAWG,1542
2085,K:TLMH,2102
2086,K:TGHD,8436
2087,K:TIHL,0760
2088,K:TANC,0693
2089,K:TPHL,1181
2090,K:XIAO,3666
2091,K:TAOH,0573
2092,K:TRGT,6161
2093,K:TGGP,8371
2094,K:TACH,8096
2095,K:CIGW,0621
2096,K:TBSH,1960
2097,K:JBBH,1239
2098,K:TILD,1206
2099,K:TDHL,6033
2100,K:TSOH,3997
2101,K:TVB1,0511
2102,K:TMH,8346
2103,K:OTOH,6880
2104,K:TPGH,1979
2105,K:TENF,6868
2106,K:TWOW,1219
2107,K:TERM,0093
2108,K:TERP,0277
2109,K:KITH,1201
2110,K:TTGL,2678
2111,K:TEXW,0321
2112,K:MORN,0542
2113,K:TDGL,1546
2114,K:THEM,0990
2115,K:THNG,2292
2116,K:THIZ,8119
2117,K:TIAN,0028
2118,K:TCGP,2182
2119,K:TGET,1980
2120,K:TSDH,2118
2121,K:TECK,0266
2122,K:TYGH,6119
2123,K:HANS,0455
2124,K:TCHL,0609
2125,K:TIIC,0826
2126,K:TNBT,8348
2127,K:TDEV,0882
2128,K:TTPU,1265
2129,K:TIAP,3382
2130,K:TTB,8189
2131,K:TJTE,1671
2132,K:EYAN,0117
2133,K:TIYU,6836
2134,K:TWRH,1115
2135,K:TILE,1790
2136,K:TMIN,1729
2137,K:TWIL,2033
2138,K:TIME,8028
2139,K:KWAS,2310
2140,K:GEMZ,1192
2141,K:TKHL,2283
2142,K:TLNA,8536
2143,K:TCAH,1939
2144,K:TOMC,2383
2145,K:TMHL,6928
2146,K:TOMP,0258
2147,K:TONG,8305
2148,K:TRTT,1666
2149,K:TGDA,0698
2150,K:THTH,2363
2151,K:ACHT,1312
2152,K:GITC,0340
2153,K:JCHH,8326
2154,K:TEHL,1249
2155,K:TOPE,1752
2156,K:FORM,0333
2157,K:TSIH,3688
2158,K:TPST,8510
2159,K:TOBI,1875
2160,K:TORH,1692
2161,K:TRAF,8017
2162,K:TLEC,0536
2163,K:PEHL,1326
2164,K:KOWM,0062
2165,K:TOSH,8465
2166,K:TEAE,1235
2167,K:TREE,8395
2168,K:TGTG,1300
2169,K:TRNT,0891
2170,K:TRIO,1710
2171,K:TRIS,0458
2172,K:TRUL,0732
2173,K:TSWH,1767
2174,K:TSAK,1986
2175,K:EMER,0206
2176,K:TSES,0417
2177,K:TSIT,2119
2178,K:TWHL,1314
2179,K:TUYH,1701
2180,K:TUNG,0518
2181,K:JAST,0872
2182,K:TWNT,6182
2183,K:TOWN,3886
2184,K:TYG1,3390
2185,K:CHEE,0687
2186,K:UBQG,1483
2187,K:ULFR,1711
2188,K:UMPH,0722
2189,K:NSPR,0690
2190,K:PANO,8173
2191,K:UMHL,2138
2192,K:CFGL,8020
2193,K:USPH,2337
2194,K:JTPH,2211
2195,K:UNSH,2346
2196,K:UVTE,1026
2197,K:UNVP,8448
2198,K:UNIV,1046
2199,K:LEUK,0307
2200,K:UPBE,0335
2201,K:UTSM,6113
2202,K:YANI,0082
2203,K:IAST,0821
2204,K:VALP,0806
2205,K:VACI,1740
2206,K:WNSP,1036
2207,K:VANT,0015
2208,K:VBGL,8365
2209,K:VCRE,2003
2210,K:VEDA,2317
2211,K:VEEK,1173
2212,K:VERT,8375
2213,K:WALK,1386
2214,K:VCOO,1621
2215,K:VICO,3878
2216,K:VICT,0539
2217,K:VIC,1139
2218,K:VSEC,8540
2219,K:VIET,0422
2220,K:VMED,1612
2221,K:VNCF,8340
2222,K:VECL,1565
2223,K:VFIH,1315
2224,K:VILT,8107
2225,K:WAHY,0862
2226,K:VSTR,8535
2227,K:VTMB,6133
2228,K:GRTC,8032
2229,K:VXTL,1782
2230,K:VOBI,3738
2231,K:VTEL,8033
2232,K:KAMB,0318
2233,K:VPWR,1608
2234,K:VSIG,1002
2235,K:VST,0856
2236,K:WACH,8619
2237,K:WHAR,0278
2238,K:WAHS,2683
2239,K:WWHG,9938
2240,K:WAIC,1305
2241,K:NORI,0660
2242,K:CHNT,1013
2243,K:WHGH,3321
2244,K:WAIK,0610
2245,K:DALY,0897
2246,K:WCPM,8291
2247,K:WANK,1718
2248,K:WLIL,8482
2249,K:CFAI,0169
2250,K:WANG,1222
2251,K:WOPL,1243
2252,K:WIMG,3939
2253,K:WANJ,0401
2254,K:WAN1,1762
2255,K:WASI,3393
2256,K:H2O,1161
2257,K:WIME,2258
2258,K:WGH,8269
2259,K:WWWG,3848
2260,K:WECH,1793
2261,K:WEYH,1343
2262,K:WETG,1845
2263,K:WXT,2698
2264,K:WHL,1570
2265,K:WEG1,1802
2266,K:WENZ,2120
2267,K:WCC,2233
2268,K:WINH,3322
2269,K:WDML,1850
2270,K:WNES,8509
2271,K:WINF,0287
2272,K:FXCR,0183
2273,K:WCHD,6080
2274,K:WNGF,8526
2275,K:WLPL,0864
2276,K:WICO,0289
2277,K:UNSS,0369
2278,K:WTGH,8362
2279,K:WIHT,6838
2280,K:SEWC,0209
2281,K:WSON,6812
2282,K:WGHL,8238
2283,K:WSDM,6068
2284,K:WHGP,1661
2285,K:WAIH,9918
2286,K:WESC,2236
2287,K:WLS,8021
2288,K:WMGI,8208
2289,K:WSFG,1260
2290,K:WONG,0099
2291,K:WKKH,0532
2292,K:WORA,0713
2293,K:WRLL,6083
2294,K:WOSH,8612
2295,K:WGLL,8292
2296,K:WTGP,8422
2297,K:WATA,0305
2298,K:WUXI,1289
2299,K:WIHL,1369
2300,K:WWPK,8069
2301,K:XHAT,8227
2302,K:XIAM,3378
2303,K:XXNG,1732
2304,K:XIHL,3663
2305,K:XIRH,9936
2306,K:XPHL,1571
2307,K:XIYE,1748
2308,K:XCPH,1148
2309,K:XING,1899
2310,K:XNAH,0098
2311,K:XIGP,1990
2312,K:XINC,0505
2313,K:XWSG,9916
2314,K:LOS,0309
2315,K:XISG,3603
2316,K:XNXN,3833
2317,K:XINM,2699
2318,K:XINT,1799
2319,K:SUNL,0362
2320,K:XNYI,8328
2321,K:XISU,2088
2322,K:XSPS,1266
2323,K:XTWS,0840
2324,K:XPMS,1895
2325,K:XREP,1368
2326,K:YTGH,1480
2327,K:LTG,0346
2328,K:YAZG,6869
2329,K:YANG,0294
2330,K:YZGD,1915
2331,K:YNAJ,2218
2332,K:YAS,1230
2333,K:YLEE,0406
2334,K:YGHP,1847
2335,K:YXGH,1941
2336,K:YEEH,1662
2337,K:YEEB,0259
2338,K:YIHL,2393
2339,K:YGMT,0375
2340,K:YHDS,2213
2341,K:YHEC,1558
2342,K:CYYY,3639
2343,K:YIGH,1796
2344,K:YWIH,8659
2345,K:YIIH,1902
2346,K:YILS,1922
2347,K:YHGH,8668
2348,K:YKTH,8241
2349,K:ZSHL,8260
2350,K:YIPS,0408
2351,K:YAMC,3608
2352,K:YOOP,2788
2353,K:GRIN,1160
2354,K:YYIH,2268
2355,K:PYMT,0075
2356,K:ONTI,6123
2357,K:EXTE,8048
2358,K:NGAI,0332
2359,K:YCHL,2789
2360,K:YSHT,1431
2361,K:YUDA,0629
2362,K:GZIT,1052
2363,K:YKWG,1536
2364,K:YLMG,2682
2365,K:TECC,1298
2366,K:YUNN,6839
2367,K:YUSE,0096
2368,K:YINF,8005
2369,K:ZACD,8313
2370,K:ZDCH,2098
2371,K:ZETH,2660
2372,K:KFGS,0185
2373,K:SNRC,1660
2374,K:ZNCH,1158
2375,K:NYEL,8249
2376,K:FRAS,8366
2377,K:ZCIG,1743
2378,K:ZCRE,8139
2379,K:ZHE,0576
2380,K:ZHES,1057
2381,K:ZTET,1527
2382,K:ZYLE,8211
2383,K:ZNGL,8283
2384,K:ZHEN,3363
2385,K:ZHSG,6958
2386,K:ZHIS,8370
2387,K:ZHIC,8511
2388,K:OCE,1220
2389,K:ZHNG,0672
2390,K:ZHON,1538
2391,K:ZHL,1064
2392,K:ZIDA,0859
2393,K:ZSTL,1601
2394,K:NHCH,8246
2395,K:ZTIN,2379
2396,K:ZYBC,1216
2397,K:FFRM,0943
2398,K:ZZZZ,3737
2399,K:NAMF,1176
2400,K:ZHUK,0908
2401,K:MTEL,8266
2402,K:ZION,8287
2403,K:ZIYU,8223
2404,K:ZMFY,8135
2405,K:ZUOL,6866
2406,K:ACH,8295
2407,K:AKIN,2940
2408,K:AMGN,4332
2409,K:AMAT,4336
2410,K:KTP2,2984
2411,95330Y,2963
2412,K:CAPR,2916
2413,K:CNTR,6090
2414,K:CHDR,2904
2415,K:CHE1,2974
2416,K:CHEW,1857
2417,K:CGIR,2099
2418,K:CKFC,0834
2419,K:CPMR,2991
2420,K:STRR,8555
2421,K:CGBK,2975
2422,K:CSCO,4333
2423,K:CMGD,1145
2424,K:DNER,2941
2425,K:EEIC,1151
2426,K:FDIH,8580
2427,K:KWAA,2910
2428,K:SPRR,2920
2429,K:GLBN,8579
2430,K:GRRR,8567
2431,K:HAOT,2961
2432,K:INTE,4335
2433,K:ISDN,1656
2434,K:JNGP,2952
2435,K:JFTT,8575
2436,K:LHIR,2936
2437,K:LHNH,1730
2438,K:LBAO,2960
2439,K:IHTR,8563
2440,K:MANF,0945
2441,K:MSFT,4338
2442,95194C,2958
2443,K:PPS1,nan
2444,K:PRUD,2378
2445,K:SHAP,2977
2446,K:SIIE,0807
2447,K:SISG,8570
2448,K:SOU,1878
2449,K:STA,2888
2450,K:SBUX,4337
2451,K:STDN,2921
2452,K:TEAR,2930
2453,K:TSCG,2998
2454,K:VICR,2921
2455,K:WLRR,0854
2456,K:WLNG,2980
2457,K:YANA,3668
2458,K:ALGH,9988
2459,K:PING,2318
2460,K:APHT,2943
2461,K:ABOC,1288
2462,K:AIRC,0753
2463,K:ALGT,2940
2464,K:ALUM,2600
2465,K:ANG,0347
2466,K:ANH,0914
2467,K:ANHX,0995
2468,K:APFI,8562
2469,K:BOCH,3988
2470,K:BOCC,3328
2471,K:BAGG,2929
2472,K:BEGI,6160
2473,K:BEIR,0187
2474,K:CFSG,2941
2475,K:CAS1,2942
2476,K:CBG1,2937
2477,K:CBCC,0998
2478,K:CCEC,1898
2479,K:CHEA,0670
2480,K:CHBK,6818
2481,K:CIMC,2039
2482,K:CLS,2628
2483,K:CMBC,3968
2484,K:CMSC,6099
2485,K:CNM,1988
2486,K:CHN1,1156
2487,K:CHOL,2883
2488,K:CHPX,2601
2489,K:CHPE,0386
2490,K:CHNR,1186
2491,K:CHRL,0390
2492,K:CSHE,1088
2493,K:CSA,1055
2494,K:CVNK,2202
2495,K:CSCY,6030
2496,K:CSCL,2866
2497,K:SHIP,1138
2498,K:COSC,1919
2499,K:CSLR,1766
2500,K:GUAS,0317
2501,K:DFZQ,3958
2502,K:DONG,1072
2503,K:EHKH,8569
2504,K:EVBR,6178
2505,K:FRCH,6288
2506,K:FIRH,2933
2507,K:FLAT,6865
2508,K:FGGC,3606
2509,K:GANL,1772
2510,K:GFSE,1776
2511,K:GLS1,8565
2512,K:GLHG,2928
2513,K:GUTS,2611
2514,K:GUP,0874
2515,K:HSCL,6837
2516,K:HTCH,3347
2517,K:KELO,0921
2518,K:HMVO,8568
2519,K:HKBA,2934
2520,K:HPI,0902
2521,K:HUAT,6886
2522,9129H1,nan
2523,9129H2,nan
2524,K:ICBC,1398
2525,K:IMYC,3948
2526,K:JDC,9618
2527,K:JEXP,0177
2528,K:JCOP,0358
2529,96699Q,nan
2530,9057KT,nan
2531,K:LRDF,2997
2532,K:LVZN,1513
2533,K:LUOY,1108
2534,K:LUIH,8561
2535,K:MAAN,0323
2536,K:MTCC,1618
2537,K:MHGT,2939
2538,K:NANJ,0553
2539,K:NETE,9999
2540,K:CLIC,1336
2541,K:NEEL,0042
2542,K:PICL,1339
2543,K:PECH,0857
2544,K:PHAB,3759
2545,K:SAGC,2931
2546,K:SFPG,2196
2547,K:SPHC,2607
2548,K:SHCP,1812
2549,K:SHGM,1787
2550,K:SHXI,0719
2551,K:SDZH,1635
2552,K:SHEP,2727
2553,K:SHYH,8566
2554,K:SHYC,2935
2555,K:SHH1,6806
2556,K:EXPR,0548
2557,K:SHP1,9989
2558,K:HHIS,8073
2559,K:YICF,1033
2560,K:SHPT,0338
2561,K:SWPB,0087
2562,K:TIBO,1065
2563,K:TSIN,0168
2564,K:WEIC,2338
2565,K:WUXA,2359
2566,K:SXWC,0811
2567,K:XGST,2208
2568,K:YNCL,1171
2569,K:ZCMM,0564
2570,K:FZM,2899
2571,K:CZHD,1157
2572,K:ZTEC,0763
2573,K:CMSR,2923
2574,140265,nan
2575,K:FIRU,nan
2576,K:AASI,8061
2577,K:ADSM,3355
2578,K:ASSA,1135
2579,K:ALP,nan
2580,29650C,nan
2581,30095L,nan
2582,K:BIIP,1149
2583,50963M,nan
2584,741297,nan
2585,54444F,nan
2586,K:ARTE,nan
2587,K:AALU,nan
2588,K:KWC,0835
2589,K:ASDF,nan
2590,51406K,nan
2591,981798,nan
2592,K:AUPU,0477
2593,K:CSH,0161
2594,K:NMUT,nan
2595,938803,nan
2596,K:LCTI,nan
2597,K:BALT,nan
2598,K:NETG,8197
2599,K:BBIL,1035
2600,54223E,nan
2601,K:PEKI,0761
2602,K:BIHL,1880
2603,K:YGMI,nan
2604,K:BLOM,0963
2605,9101KK,nan
2606,K:SATE,1768
2607,26381E,nan
2608,749868,nan
2609,930158,nan
2610,K:CATC,nan
2611,745270,nan
2612,27743E,nan
2613,K:CDWI,nan
2614,K:APTU,8212
2615,K:CDXP,nan
2616,K:CDEC,2229
2617,K:CHNG,1863
2618,749900,nan
2619,K:CDTS,nan
2620,K:CHCA,nan
2621,K:CHCN,nan
2622,K:CDVI,nan
2623,779588,nan
2624,K:CAIH,0606
2625,K:CAAL,0940
2626,K:CASS,0170
2627,K:CAUG,0569
2628,K:MIHL,3966
2629,K:CNDY,8182
2630,32497T,nan
2631,K:LSCN,nan
2632,981793,nan
2633,K:CFON,3777
2634,K:CFCH,2121
2635,K:CFHT,0930
2636,75692F,nan
2637,K:CSHN,1197
2638,K:CHDH,6863
2639,K:CMIH,0319
2640,K:CHRM,0773
2641,K:CHNA,nan
2642,K:CNAC,nan
2643,K:CMAT,1893
2644,53475K,nan
2645,K:CNET,1597
2646,K:SGIN,8306
2647,K:CPAR,nan
2648,K:QUAF,0735
2649,53721Q,nan
2650,K:CSMC,nan
2651,K:CRPP,nan
2652,K:HESH,nan
2653,K:ITHL,0873
2654,981809,nan
2655,27743C,nan
2656,K:CMCI,3668
2657,K:CITC,nan
2658,K:KAWB,nan
2659,K:CITY,nan
2660,K:Q9T,8129
2661,K:COBK,nan
2662,27580E,nan
2663,K:COND,nan
2664,K:CEPA,nan
2665,51149V,nan
2666,K:BERJ,0288
2667,K:FORT,0121
2668,31293C,nan
2669,K:DAHC,1828
2670,K:NDOM,8243
2671,K:DALI,3699
2672,K:DHBG,nan
2673,K:DSYS,nan
2674,K:BRIN,1163
2675,K:DELT,0722
2676,537795,nan
2677,K:DTEL,nan
2678,K:DGFG,nan
2679,K:DPLC,3386
2680,K:KOH,2266
2681,27743F,nan
2682,756834,nan
2683,K:ELAN,nan
2684,K:ESTA,nan
2685,51567E,nan
2686,K:ECAS,1390
2687,K:EGAN,nan
2688,756961,nan
2689,K:ELTK,nan
2690,K:ENIN,nan
2691,K:ERAI,8043
2692,K:EYSD,nan
2693,K:EAAG,nan
2694,K:EVER,nan
2695,944691,nan
2696,K:LAMX,nan
2697,K:FEPC,nan
2698,91736Y,nan
2699,K:SFOR,2337
2700,K:PCEI,nan
2701,26381H,nan
2702,K:FPBS,nan
2703,9320DL,nan
2704,K:FCHE,nan
2705,K:IBOA,0636
2706,K:FUGU,1819
2707,K:FHEN,nan
2708,771027,nan
2709,K:GILB,nan
2710,K:GKC,nan
2711,K:GTIT,nan
2712,K:GOWO,nan
2713,K:GOFA,nan
2714,K:GOOC,nan
2715,K:CAPA,0283
2716,K:HTOY,nan
2717,53551X,nan
2718,771570,nan
2719,929984,nan
2720,K:GPNA,nan
2721,K:GHTB,nan
2722,936455,nan
2723,K:GNCL,nan
2724,32856X,nan
2725,K:GHED,1318
2726,K:GSTH,nan
2727,779600,nan
2728,944837,nan
2729,K:PLRX,1187
2730,K:RBIH,0566
2731,K:HABI,0667
2732,938770,nan
2733,K:HENC,nan
2734,K:TIGT,8046
2735,67770J,nan
2736,779590,nan
2737,779666,nan
2738,745284,nan
2739,916605,nan
2740,K:HKAC,0044
2741,K:HIHC,0946
2742,53499X,nan
2743,K:HOPE,0054
2744,9521N6,nan
2745,K:HILD,2200
2746,K:HSCF,nan
2747,540997,nan
2748,929608,nan
2749,K:CONS,0404
2750,87486P,nan
2751,K:HRCL,0958
2752,K:HNFM,2626
2753,K:HUTC,2332
2754,K:HUTI,0013
2755,929617,nan
2756,K:ITLT,nan
2757,K:ILIN,nan
2758,K:IMCH,nan
2759,719640,nan
2760,K:UNBH,nan
2761,771282,nan
2762,K:INFS,nan
2763,K:ICNH,nan
2764,K:INTD,1833
2765,997493,nan
2766,952044,nan
2767,930498,nan
2768,K:JIMB,nan
2769,316096,nan
2770,K:JQCF,0549
2771,K:JIM,nan
2772,K:JOYC,0647
2773,771640,nan
2774,K:KBIO,nan
2775,K:YIUW,nan
2776,K:KIN1,8105
2777,755006,nan
2778,K:KONG,nan
2779,87474X,nan
2780,K:KWON,nan
2781,K:KSHI,nan
2782,771557,nan
2783,K:LFAI,nan
2784,356904,nan
2785,K:FOOD,nan
2786,K:LCRA,nan
2787,53709F,nan
2788,771643,nan
2789,K:LAWS,nan
2790,K:LEDS,nan
2791,K:LEIS,nan
2792,K:FUNG,0494
2793,77313R,nan
2794,K:CYBM,8017
2795,K:LLAN,nan
2796,27580F,nan
2797,K:36CO,nan
2798,992956,nan
2799,32543T,nan
2800,K:MANC,nan
2801,938605,nan
2802,316246,nan
2803,K:MEAD,nan
2804,K:MEDP,nan
2805,K:MNAT,nan
2806,779599,nan
2807,K:MING,nan
2808,938773,0233
2809,K:MIRA,nan
2810,K:MOUL,nan
2811,K:MDAN,8188
2812,K:NAMT,2633
2813,929621,nan
2814,K:QIAN,1236
2815,316299,nan
2816,993266,nan
2817,K:NWCW,0917
2818,992983,nan
2819,K:NGFU,nan
2820,K:CSST,2889
2821,K:NIVA,1438
2822,317529,nan
2823,749536,nan
2824,8701CP,nan
2825,K:ORNT,nan
2826,K:ORIT,nan
2827,K:OXFP,nan
2828,K:PACI,1174
2829,997114,nan
2830,K:PSIN,nan
2831,771645,nan
2832,929973,nan
2833,K:PCDX,0331
2834,K:MIHI,0402
2835,K:PECE,nan
2836,K:PKSP,1968
2837,K:PERG,nan
2838,K:PRTD,0589
2839,K:FCKE,0516
2840,K:QNXG,3868
2841,K:REAL,0246
2842,K:RDVA,nan
2843,K:REGM,1997
2844,K:RHIL,nan
2845,K:RNA,nan
2846,929607,nan
2847,K:BWWH,8312
2848,K:THIN,8096
2849,K:RYOD,nan
2850,136978,nan
2851,K:SAIN,nan
2852,K:STYA,8253
2853,K:GHIL,nan
2854,K:SCHR,0955
2855,944755,nan
2856,29501W,nan
2857,K:SENY,nan
2858,140637,nan
2859,K:SLPS,8058
2860,32497P,nan
2861,54343E,nan
2862,53543U,nan
2863,K:LAPH,nan
2864,317726,nan
2865,K:SCPI,nan
2866,K:SHAW,nan
2867,9279TU,nan
2868,K:KUNM,0300
2869,36277F,nan
2870,8949RJ,nan
2871,K:CHHI,0692
2872,K:DJIA,nan
2873,779555,nan
2874,938633,nan
2875,755142,nan
2876,K:SIIC,nan
2877,K:SDHK,nan
2878,K:STRE,8010
2879,K:SINS,nan
2880,K:SINA,nan
2881,41203E,nan
2882,K:BEY,nan
2883,K:ZHRC,nan
2884,K:SINT,0368
2885,771553,nan
2886,729207,nan
2887,K:SIUF,nan
2888,929096,nan
2889,K:SPR,1700
2890,K:STON,nan
2891,930165,nan
2892,992976,nan
2893,K:TASH,1228
2894,K:SUDA,nan
2895,779589,nan
2896,865345,nan
2897,K:TCC,1136
2898,K:TCLC,2618
2899,K:TCPR,3823
2900,K:THNJ,1619
2901,K:TIMS,1832
2902,315293,nan
2903,K:TOPG,nan
2904,K:TPVV,0903
2905,K:THC,0325
2906,K:TSL,2468
2907,K:TGLG,8229
2908,740910,nan
2909,993215,nan
2910,28035W,nan
2911,741953,nan
2912,K:WKMT,nan
2913,930168,nan
2914,K:WKSH,nan
2915,779603,nan
2916,779601,nan
2917,K:WASP,nan
2918,938735,nan
2919,K:HUAL,0382
2920,95331M,nan
2921,929591,nan
2922,K:WHEL,0020
2923,K:HKRA,nan
2924,K:WIFP,0633
2925,K:WHBK,0302
2926,K:WILB,nan
2927,930493,nan
2928,K:WINT,nan
2929,K:WUMT,1025
2930,K:XDLN,nan
2931,27580D,nan
2932,K:YAIH,nan
2933,K:YGGC,2168
2934,K:YFI,nan
2935,9320DJ,nan
2936,K:ZJGL,0739
2937,K:ZPC,8273
2938,K:ZGAS,3928
2939,K:ZGDA,0909
2940,K:AWTW,nan
2941,K:ASC,8262
2942,K:AKUP,nan
2943,K:ATOP,0839
2944,28339H,nan
2945,27580L,nan
2946,K:C&WR,nan
2947,K:TELE,nan
2948,K:CPAL,6813
2949,K:CHIA,nan
2950,741315,nan
2951,K:DELL,4331
2952,K:DENW,nan
2953,K:EGJP,nan
2954,K:FAII,nan
2955,K:GLIP,0805
2956,K:GWT,0074
2957,K:HFGT,0870
2958,K:SMTE,0448
2959,K:HBRE,nan
2960,K:HAWP,nan
2961,K:HCYB,nan
2962,997713,nan
2963,K:HSUK,nan
2964,K:VAND,nan
2965,K:IDSG,2387
2966,K:INTT,1683
2967,905319,nan
2968,K:JSTU,nan
2969,K:KAZP,0847
2970,K:LITS,0968
2971,771641,nan
2972,K:MHIL,1633
2973,K:MID,1021
2974,K:MIAN,1389
2975,K:NWIN,nan
2976,K:PEFO,nan
2977,K:SAMG,3938
2978,K:SIGO,1862
2979,K:LEEF,nan
2980,K:TEPK,2923
2981,K:TMPK,2979
2982,K:UOSB,nan
2983,92667Y,nan
2984,K:NVGL,1048
2985,9314RE,nan
2986,9320CV,nan
2987,9320CW,nan
2988,K:ACST,nan
2989,K:AFPH,2979
2990,K:AGRT,2919
2991,K:ALSH,8560
2992,30778R,nan
2993,27579X,nan
2994,K:ALIB,1688
2995,9469QQ,nan
2996,9469QM,nan
2997,K:ACRH,8596
2998,28244R,nan
2999,9327AL,2972
3000,K:ARST,nan
3001,26381C,nan
3002,K:ASIM,2956
3003,K:ASNT,nan
3004,K:AELG,2945
3005,31504P,nan
3006,9290V5,nan
3007,8732QX,nan
3008,98194K,nan
3009,8850NJ,nan
3010,9389MG,nan
3011,8799U7,nan
3012,7084TX,nan
3013,8850P7,nan
3014,K:BCIA,nan
3015,9384W1,nan
3016,9066JH,nan
3017,51496X,nan
3018,9066JJ,nan
3019,K:BWII,nan
3020,K:BIGH,8571
3021,K:BCGC,2925
3022,K:C&D,2939
3023,9440MG,nan
3024,51497F,nan
3025,K:CAP1,2913
3026,K:CAFH,8597
3027,K:CPTL,nan
3028,K:CAPV,2919
3029,K:CARP,2944
3030,9161NK,nan
3031,67929L,nan
3032,68644P,nan
3033,9109PX,nan
3034,K:CEHG,2925
3035,95330J,nan
3036,9290V2,nan
3037,K:CTTH,2900
3038,9066JG,nan
3039,8913MW,nan
3040,8913MX,nan
3041,9401C6,nan
3042,27580J,nan
3043,27580K,nan
3044,K:CAI1,2962
3045,K:CBAO,2966
3046,K:CHDF,8576
3047,K:CETB,2956
3048,K:CHFI,2928
3049,K:CHIS,2954
3050,K:CRMI,8572
3051,K:CHMG,8553
3052,K:CBAF,nan
3053,K:CHBT,2982
3054,K:CHBR,2975
3055,8702UJ,nan
3056,K:AIFG,2942
3057,K:CHCR,6199
3058,26381F,nan
3059,9062FZ,nan
3060,K:RCHC,2936
3061,K:CHEF,8555
3062,7756VG,nan
3063,K:CHIV,nan
3064,K:CEGF,2987
3065,K:CHI1,2946
3066,K:CHFT,nan
3067,K:CHF1,2955
3068,K:CGHT,2914
3069,K:CHGH,2988
3070,K:CHH1,2903
3071,8871N0,nan
3072,8850NE,nan
3073,K:CIAF,2924
3074,K:CHID,2915
3075,9323FX,nan
3076,K:CHJH,2917
3077,K:CJHT,2999
3078,K:CHKM,nan
3079,K:CLGT,nan
3080,K:CHL1,2937
3081,K:CEMR,2937
3082,K:CNCG,2996
3083,K:CNEP,nan
3084,K:COIG,2957
3085,K:CHGG,nan
3086,K:COGE,8558
3087,28194L,nan
3088,K:CPCE,nan
3089,K:CPIH,2967
3090,K:CHPP,2907
3091,K:CPPT,2982
3092,9929V2,nan
3093,K:CRCM,nan
3094,K:CHS1,2903
3095,K:CSF1,2907
3096,K:CTTG,2944
3097,9325PN,nan
3098,K:CWWH,2906
3099,K:SUNM,nan
3100,7087L7,nan
3101,K:CHEH,8557
3102,K:CFBV,nan
3103,9461AQ,8579
3104,K:PRTT,nan
3105,K:CLNT,nan
3106,K:CHNY,nan
3107,31504E,nan
3108,8871L9,nan
3109,K:CRCT,nan
3110,K:CMVH,2959
3111,K:CSSG,2948
3112,929606,nan
3113,9059Q9,nan
3114,K:CMGT,nan
3115,8850NL,nan
3116,K:CRDT,nan
3117,K:CRWN,nan
3118,K:CRFH,8552
3119,9290Q2,nan
3120,137532,nan
3121,540367,nan
3122,9279RZ,nan
3123,K:DGGT,2980
3124,K:DAOH,nan
3125,9091TH,nan
3126,K:DRAY,2969
3127,K:DPHT,2987
3128,9066JV,nan
3129,K:CWSB,nan
3130,K:EACN,nan
3131,K:EASO,nan
3132,K:EIH1,8559
3133,K:ELIH,2991
3134,K:EMIE,2966
3135,K:ENER,2902
3136,K:ENNT,nan
3137,K:ENNN,2973
3138,K:ENEI,2941
3139,K:EHIG,2927
3140,K:FDEV,2949
3141,9813N0,nan
3142,8862DR,nan
3143,K:FOCS,nan
3144,K:FOIH,8585
3145,K:FWSE,2971
3146,K:FREF,2985
3147,K:FWFH,2915
3148,8741YU,nan
3149,8747TU,nan
3150,K:FULL,2940
3151,9440Y7,nan
3152,9440Y8,nan
3153,9104U1,nan
3154,9104U2,nan
3155,K:GAMT,nan
3156,K:GLBL,nan
3157,K:GLCH,8587
3158,K:GBG1,2921
3159,K:GLSG,8556
3160,K:GFNC,nan
3161,K:GRAF,nan
3162,K:GHTA,nan
3163,K:GRPT,8578
3164,K:GRPE,nan
3165,K:GTGG,8565
3166,32469Q,nan
3167,K:GRPS,8561
3168,K:GRIH,2910
3169,K:GRMG,2902
3170,K:GTG1,2918
3171,92886Z,nan
3172,8871MC,nan
3173,9058KL,nan
3174,41203C,nan
3175,7756VA,nan
3176,29189J,nan
3177,K:HTNG,nan
3178,K:HFTP,nan
3179,9109PW,nan
3180,K:HAWH,8556
3181,K:CKIT,2998
3182,9518VF,nan
3183,2873NY,nan
3184,8850NC,nan
3185,923893,nan
3186,K:HKHO,nan
3187,K:HDCG,8568
3188,8862HR,nan
3189,K:HKRE,2960
3190,K:HOFH,2911
3191,K:HJHT,2923
3192,K:HHCT,2924
3193,9236ZA,nan
3194,K:HUHG,2930
3195,K:HUSC,2965
3196,137423,nan
3197,95396U,nan
3198,K:HYP1,2968
3199,92389Q,nan
3200,92389T,nan
3201,K:SCHE,nan
3202,K:IMGI,nan
3203,92886V,nan
3204,K:INTH,nan
3205,K:ISRH,nan
3206,K:ILTN,2965
3207,K:IRR,8573
3208,K:IRRS,nan
3209,54155X,nan
3210,540368,nan
3211,K:JMTU,nan
3212,740806,nan
3213,9750V5,nan
3214,K:JETT,nan
3215,93713K,nan
3216,98134K,nan
3217,K:JILI,nan
3218,2998RY,nan
3219,9526PU,nan
3220,K:JING,0350
3221,9462CH,nan
3222,8932CA,nan
3223,K:KSNE,nan
3224,K:KANE,2935
3225,K:KNFG,8553
3226,92943A,nan
3227,K:KNST,2953
3228,K:KISL,nan
3229,K:KRNI,8551
3230,51706L,nan
3231,30874M,nan
3232,K:KPM,nan
3233,K:KPM1,8558
3234,K:KSHD,nan
3235,9061ZK,nan
3236,K:LAIT,8590
3237,317636,nan
3238,K:LFHT,2984
3239,K:LSDT,2971
3240,K:LSGT,2970
3241,K:LADD,nan
3242,K:LNDT,nan
3243,K:LCRB,nan
3244,8698U5,nan
3245,K:LRY,nan
3246,51497C,nan
3247,K:LPHT,nan
3248,9912X0,nan
3249,952252,nan
3250,31503W,nan
3251,K:LRTU,2964
3252,K:LIAI,2908
3253,9822EC,nan
3254,9822ED,nan
3255,K:LOTI,8600
3256,K:LWGH,8593
3257,K:LUXG,2991
3258,93894R,nan
3259,9091TK,nan
3260,9267Z1,2927
3261,K:MDSN,nan
3262,749883,nan
3263,K:MAGG,2927
3264,9387QW,nan
3265,K:MCEL,6883
3266,K:MFSG,8581
3267,K:EVIT,nan
3268,K:MISH,2985
3269,K:MPGH,8577
3270,K:MONE,2976
3271,K:MONM,2947
3272,K:MOTH,2909
3273,K:MNSN,2938
3274,K:NJIN,2963
3275,8744VU,nan
3276,K:NAIF,2911
3277,28929C,nan
3278,K:HKRB,nan
3279,28959M,nan
3280,K:NSGT,2915
3281,K:NEWD,2909
3282,28818R,nan
3283,K:NBLC,nan
3284,140013,nan
3285,K:NAHT,2979
3286,K:NASH,8567
3287,K:LUXT,2926
3288,K:02MI,nan
3289,2783LP,nan
3290,K:ONRI,8589
3291,K:PCCY,nan
3292,K:CPBD,nan
3293,K:PACC,nan
3294,K:PEOO,2938
3295,95356P,nan
3296,K:PGOT,2990
3297,K:PHNT,nan
3298,8912G0,nan
3299,K:PNGG,2968
3300,K:PLID,2901
3301,K:PYMH,nan
3302,9066H8,nan
3303,9536K8,nan
3304,K:PSTC,nan
3305,K:PSIK,2993
3306,K:QIAH,2978
3307,9174WA,nan
3308,8741YV,nan
3309,K:QPIH,2999
3310,K:QLHC,nan
3311,2754PU,nan
3312,K:RDVB,nan
3313,9828JC,nan
3314,K:RDCO,nan
3315,9455YA,nan
3316,K:RMGP,2912
3317,K:RSHO,nan
3318,K:ROMG,8582
3319,K:RGPT,8591
3320,K:RUII,2934
3321,53483V,nan
3322,K:SSTH,8578
3323,K:SSNT,nan
3324,K:SBIH,6488
3325,992788,nan
3326,K:SSON,nan
3327,51662H,nan
3328,51662J,nan
3329,K:SEMG,2992
3330,K:SMIT,nan
3331,9813U6,nan
3332,98194L,nan
3333,98194M,nan
3334,51563P,nan
3335,9828J2,nan
3336,95151W,nan
3337,9514TW,nan
3338,9401C8,nan
3339,K:SJBH,2950
3340,9528JD,nan
3341,92275F,nan
3342,92275H,nan
3343,9376XT,nan
3344,9337F4,nan
3345,74904C,nan
3346,K:SILT,2992
3347,9279TV,nan
3348,K:SHEI,2999
3349,K:SHIH,2924
3350,141356,nan
3351,356835,nan
3352,K:SCIE,2989
3353,K:SMGC,2998
3354,9523ER,nan
3355,93894Q,nan
3356,32170T,nan
3357,K:SAHT,8596
3358,K:SIOG,2970
3359,K:SNFT,nan
3360,9518KL,nan
3361,K:SKRH,2983
3362,9912YM,nan
3363,K:SHGT,nan
3364,K:SNW,2942
3365,K:SCMO,nan
3366,K:SCFH,2984
3367,9375CP,nan
3368,9375CR,nan
3369,94394L,nan
3370,K:SHPK,2949
3371,K:SUNT,2988
3372,K:SUNC,nan
3373,K:SUNY,2922
3374,K:SUNO,2981
3375,K:SYNC,2986
3376,K:TAKH,8557
3377,9538DX,nan
3378,K:TANG,2943
3379,K:COAD,6388
3380,K:TMLT,nan
3381,K:TEI1,2908
3382,K:TEI2,2922
3383,K:THMP,2930
3384,53630V,nan
3385,9337F6,nan
3386,K:TIPG,2914
3387,K:TPGT,2988
3388,28517E,nan
3389,K:HTVE,nan
3390,97490V,nan
3391,97490X,nan
3392,K:VASA,6210
3393,9535WM,nan
3394,9535WN,nan
3395,K:VIS1,8560
3396,K:VISI,2904
3397,K:VTCI,2940
3398,K:WCMP,8598
3399,K:WNGN,nan
3400,K:WAGH,2970
3401,K:WLTH,nan
3402,K:WEGH,8586
3403,29315L,nan
3404,95331N,nan
3405,8850NG,nan
3406,K:WINS,nan
3407,K:WING,8563
3408,K:WRLN,2929
3409,28864N,nan
3410,9278FL,nan
3411,K:XIAN,8593
3412,9316RZ,nan
3413,K:XSH1,nan
3414,29189H,nan
3415,9290V3,nan
3416,92886L,nan
3417,K:YTSG,2928
3418,9525XY,nan
3419,K:YIHT,nan
3420,9288ZP,nan
3421,K:YUHT,nan
3422,K:YEHT,2921
3423,K:ZHPH,2954
3424,94357C,nan
3425,9291EH,nan
3426,29315K,nan
3427,92886X,nan
3428,9320DK,nan
3429,K:ZHLH,8569
3430,9296ZQ,nan
3431,9595LH,nan
3432,K:ZHGH,2902
3433,92886Q,nan
3434,K:ZHOE,8597
3435,31504J,nan
3436,9299AE,nan
3437,9299CJ,nan
3438,779616,nan
3439,K:P&OS,nan
3440,9464A7,nan
3441,9531V9,nan
3442,K:TOMO,nan
3443,K:TRGC,8552
